8,10.5281/zenodo.7352070
9,10.5281/zenodo.7352076
10,10.5281/zenodo.7352080
11,10.5281/zenodo.7352082
12,10.5281/zenodo.7352084
13,10.5281/zenodo.7352086
14,10.5281/zenodo.7352088
15,10.5281/zenodo.7352100
16,10.5281/zenodo.7352106
17,10.5281/zenodo.7352108
18,10.5281/zenodo.7353905
19,10.5281/zenodo.7353907
20,10.5281/zenodo.7353909
21,10.5281/zenodo.7353911
22,10.5281/zenodo.7353917
25,10.5281/zenodo.7353919
26,10.5281/zenodo.7353921
29,10.5281/zenodo.7353924
30,10.5281/zenodo.7353928
32,10.5281/zenodo.7353932
33,10.5281/zenodo.7353934
35,10.5281/zenodo.7353936
36,10.5281/zenodo.7353940
37,10.5281/zenodo.7353942
38,10.5281/zenodo.7353944
39,10.5281/zenodo.7353946
40,10.5281/zenodo.7353948
41,10.5281/zenodo.7353950
42,10.5281/zenodo.7353952
43,10.5281/zenodo.7353956
44,10.5281/zenodo.7353958
45,10.5281/zenodo.7353960
46,10.5281/zenodo.7353962
47,10.5281/zenodo.7353964
48,10.5281/zenodo.7353966
49,10.5281/zenodo.7353968
50,10.5281/zenodo.7353970
51,10.5281/zenodo.7353972
52,10.5281/zenodo.7353974
53,10.5281/zenodo.7353978
54,10.5281/zenodo.7353980
55,10.5281/zenodo.7353982
56,10.5281/zenodo.7353984
57,10.5281/zenodo.7353986
58,10.5281/zenodo.7353990
62,10.5281/zenodo.7353993
63,10.5281/zenodo.7353995
64,10.5281/zenodo.7353997
65,10.5281/zenodo.7353999
66,10.5281/zenodo.7354003
67,10.5281/zenodo.7354005
68,10.5281/zenodo.7354011
70,10.5281/zenodo.7354014
72,10.5281/zenodo.7354016
73,10.5281/zenodo.7354022
74,10.5281/zenodo.7354030
75,10.5281/zenodo.7354033
76,10.5281/zenodo.7354035
77,10.5281/zenodo.7354037
78,10.5281/zenodo.7354041
79,10.5281/zenodo.7354043
82,10.5281/zenodo.7354045
83,10.5281/zenodo.7354049
84,10.5281/zenodo.7354051
85,10.5281/zenodo.7354055
86,10.5281/zenodo.7354057
87,10.5281/zenodo.7354061
88,10.5281/zenodo.7354063
89,10.5281/zenodo.7354065
90,10.5281/zenodo.7354067
91,10.5281/zenodo.7354069
92,10.5281/zenodo.7354072
93,10.5281/zenodo.7354074
94,10.5281/zenodo.7354076
95,10.5281/zenodo.7354080
96,10.5281/zenodo.7354084
97,10.5281/zenodo.7354086
99,10.5281/zenodo.7354088
100,10.5281/zenodo.7354091
101,10.5281/zenodo.7354093
102,10.5281/zenodo.7354095
103,10.5281/zenodo.7354097
104,10.5281/zenodo.7354101
105,10.5281/zenodo.7354103
106,10.5281/zenodo.7354105
107,10.5281/zenodo.7354107
108,10.5281/zenodo.7354109
109,10.5281/zenodo.7354111
110,10.5281/zenodo.7354113
111,10.5281/zenodo.7354115
112,10.5281/zenodo.7354119
113,10.5281/zenodo.7354121
114,10.5281/zenodo.7354123
115,10.5281/zenodo.7354125
116,10.5281/zenodo.7354127
117,10.5281/zenodo.7354129
124,10.5281/zenodo.7354133
129,10.5281/zenodo.7354136
130,10.5281/zenodo.7354138
134,10.5281/zenodo.7354140
135,10.5281/zenodo.7354142
137,10.5281/zenodo.7354144
138,10.5281/zenodo.7354148
140,10.5281/zenodo.7354150
141,10.5281/zenodo.7354152
142,10.5281/zenodo.7354154
143,10.5281/zenodo.7354156
144,10.5281/zenodo.7354158
150,10.5281/zenodo.7354162
155,10.5281/zenodo.7354176
156,10.5281/zenodo.7354182
158,10.5281/zenodo.7354186
160,10.5281/zenodo.7354188
161,10.5281/zenodo.7354194
162,10.5281/zenodo.7354200
163,10.5281/zenodo.7354206
165,10.5281/zenodo.7354212
166,10.5281/zenodo.7354216
167,10.5281/zenodo.7354220
168,10.5281/zenodo.7354222
169,10.5281/zenodo.7354232
170,10.5281/zenodo.7354238
171,10.5281/zenodo.7354244
172,10.5281/zenodo.7354250
173,10.5281/zenodo.7354254
174,10.5281/zenodo.7354260
175,10.5281/zenodo.7354266
176,10.5281/zenodo.7354273
178,10.5281/zenodo.7354275
179,10.5281/zenodo.7354277
180,10.5281/zenodo.7354279
181,10.5281/zenodo.7354281
183,10.5281/zenodo.7354283
184,10.5281/zenodo.7354285
185,10.5281/zenodo.7354287
186,10.5281/zenodo.7354289
187,10.5281/zenodo.7354291
188,10.5281/zenodo.7354293
189,10.5281/zenodo.7354295
190,10.5281/zenodo.7354297
191,10.5281/zenodo.7354301
192,10.5281/zenodo.7354309
193,10.5281/zenodo.7354313
194,10.5281/zenodo.7354315
196,10.5281/zenodo.7354317
198,10.5281/zenodo.7354325
199,10.5281/zenodo.7354331
200,10.5281/zenodo.7354337
201,10.5281/zenodo.7354343
203,10.5281/zenodo.7354345
204,10.5281/zenodo.7354349
205,10.5281/zenodo.7354351
206,10.5281/zenodo.7354353
207,10.5281/zenodo.7354355
208,10.5281/zenodo.7354357
209,10.5281/zenodo.7354359
210,10.5281/zenodo.7354361
211,10.5281/zenodo.7354363
212,10.5281/zenodo.7354365
213,10.5281/zenodo.7354367
215,10.5281/zenodo.7354369
216,10.5281/zenodo.7354371
217,10.5281/zenodo.7354375
218,10.5281/zenodo.7354381
219,10.5281/zenodo.7354387
220,10.5281/zenodo.7354395
221,10.5281/zenodo.7354400
222,10.5281/zenodo.7354404
223,10.5281/zenodo.7354406
224,10.5281/zenodo.7354408
225,10.5281/zenodo.7354412
226,10.5281/zenodo.7354416
227,10.5281/zenodo.7354418
228,10.5281/zenodo.7354420
229,10.5281/zenodo.7354424
230,10.5281/zenodo.7354426
231,10.5281/zenodo.7354430
233,10.5281/zenodo.7354434
235,10.5281/zenodo.7354440
236,10.5281/zenodo.7354446
237,10.5281/zenodo.7354452
238,10.5281/zenodo.7354456
239,10.5281/zenodo.7354462
240,10.5281/zenodo.7354464
241,10.5281/zenodo.7354466
242,10.5281/zenodo.7354468
243,10.5281/zenodo.7354470
245,10.5281/zenodo.7354472
246,10.5281/zenodo.7354474
247,10.5281/zenodo.7354478
248,10.5281/zenodo.7354480
249,10.5281/zenodo.7354482
250,10.5281/zenodo.7354484
251,10.5281/zenodo.7354486
252,10.5281/zenodo.7354488
253,10.5281/zenodo.7354490
254,10.5281/zenodo.7354492
255,10.5281/zenodo.7354495
257,10.5281/zenodo.7354497
258,10.5281/zenodo.7354499
259,10.5281/zenodo.7354501
260,10.5281/zenodo.7354503
261,10.5281/zenodo.7354505
262,10.5281/zenodo.7354507
263,10.5281/zenodo.7354509
264,10.5281/zenodo.7354511
265,10.5281/zenodo.7354513
266,10.5281/zenodo.7354515
267,10.5281/zenodo.7354519
268,10.5281/zenodo.7354521
269,10.5281/zenodo.7354523
270,10.5281/zenodo.7354527
271,10.5281/zenodo.7354530
272,10.5281/zenodo.7354532
273,10.5281/zenodo.7354534
274,10.5281/zenodo.7354538
275,10.5281/zenodo.7354540
276,10.5281/zenodo.7354542
277,10.5281/zenodo.7354544
278,10.5281/zenodo.7354546
279,10.5281/zenodo.7354548
282,10.5281/zenodo.7354550
283,10.5281/zenodo.7354554
284,10.5281/zenodo.7354558
285,10.5281/zenodo.7354560
286,10.5281/zenodo.7354564
287,10.5281/zenodo.7354566
288,10.5281/zenodo.7354568
289,10.5281/zenodo.7354570
290,10.5281/zenodo.7354572
291,10.5281/zenodo.7354574
292,10.5281/zenodo.7354576
293,10.5281/zenodo.7354580
294,10.5281/zenodo.7354584
295,10.5281/zenodo.7354586
296,10.5281/zenodo.7354588
297,10.5281/zenodo.7354590
298,10.5281/zenodo.7354592
299,10.5281/zenodo.7354594
300,10.5281/zenodo.7354600
301,10.5281/zenodo.7354604
302,10.5281/zenodo.7354606
303,10.5281/zenodo.7354608
304,10.5281/zenodo.7354610
305,10.5281/zenodo.7354612
306,10.5281/zenodo.7354615
307,10.5281/zenodo.7354617
308,10.5281/zenodo.7354619
309,10.5281/zenodo.7354622
310,10.5281/zenodo.7354624
311,10.5281/zenodo.7354627
313,10.5281/zenodo.7354629
315,10.5281/zenodo.7354633
317,10.5281/zenodo.7354635
318,10.5281/zenodo.7354637
321,10.5281/zenodo.7354639
324,10.5281/zenodo.7354641
327,10.5281/zenodo.7354643
330,10.5281/zenodo.7354645
331,10.5281/zenodo.7354647
332,10.5281/zenodo.7354649
333,10.5281/zenodo.7354651
334,10.5281/zenodo.7354653
335,10.5281/zenodo.7354655
336,10.5281/zenodo.7354657
337,10.5281/zenodo.7354659
338,10.5281/zenodo.7354661
341,10.5281/zenodo.7354663
344,10.5281/zenodo.7354665
345,10.5281/zenodo.7354667
348,10.5281/zenodo.7354671
349,10.5281/zenodo.7354673
350,10.5281/zenodo.7354675
354,10.5281/zenodo.7354677
355,10.5281/zenodo.7354679
356,10.5281/zenodo.7354681
358,10.5281/zenodo.7354685
360,10.5281/zenodo.7354687
361,10.5281/zenodo.7354689
369,10.5281/zenodo.7354691
370,10.5281/zenodo.7354697
371,10.5281/zenodo.7354699
372,10.5281/zenodo.7354701
373,10.5281/zenodo.7354705
374,10.5281/zenodo.7354707
375,10.5281/zenodo.7354709
376,10.5281/zenodo.7354713
377,10.5281/zenodo.7354717
378,10.5281/zenodo.7354719
379,10.5281/zenodo.7354721
380,10.5281/zenodo.7354723
381,10.5281/zenodo.7354725
382,10.5281/zenodo.7354727
383,10.5281/zenodo.7354729
384,10.5281/zenodo.7354731
385,10.5281/zenodo.7354735
386,10.5281/zenodo.7354741
387,10.5281/zenodo.7354743
388,10.5281/zenodo.7354745
389,10.5281/zenodo.7354747
390,10.5281/zenodo.7354749
391,10.5281/zenodo.7354751
392,10.5281/zenodo.7354753
393,10.5281/zenodo.7354755
394,10.5281/zenodo.7354757
395,10.5281/zenodo.7354759
396,10.5281/zenodo.7354765
397,10.5281/zenodo.7354771
398,10.5281/zenodo.7354773
399,10.5281/zenodo.7354777
400,10.5281/zenodo.7354779
401,10.5281/zenodo.7354781
402,10.5281/zenodo.7354783
403,10.5281/zenodo.7354787
404,10.5281/zenodo.7354789
405,10.5281/zenodo.7354793
406,10.5281/zenodo.7354799
407,10.5281/zenodo.7354803
408,10.5281/zenodo.7354807
409,10.5281/zenodo.7354813
410,10.5281/zenodo.7354815
411,10.5281/zenodo.7354819
412,10.5281/zenodo.7354821
413,10.5281/zenodo.7354823
414,10.5281/zenodo.7354825
415,10.5281/zenodo.7354827
416,10.5281/zenodo.7354829
417,10.5281/zenodo.7354831
418,10.5281/zenodo.7354833
419,10.5281/zenodo.7354835
420,10.5281/zenodo.7354837
421,10.5281/zenodo.7354839
422,10.5281/zenodo.7354841
423,10.5281/zenodo.7354843
424,10.5281/zenodo.7354847
425,10.5281/zenodo.7354850
426,10.5281/zenodo.7354854
427,10.5281/zenodo.7354856
428,10.5281/zenodo.7354862
429,10.5281/zenodo.7354866
430,10.5281/zenodo.7354868
431,10.5281/zenodo.7354872
432,10.5281/zenodo.7354874
433,10.5281/zenodo.7354877
434,10.5281/zenodo.7354879
435,10.5281/zenodo.7354881
436,10.5281/zenodo.7354883
437,10.5281/zenodo.7354885
438,10.5281/zenodo.7354889
439,10.5281/zenodo.7354895
440,10.5281/zenodo.7354899
441,10.5281/zenodo.7354901
442,10.5281/zenodo.7354903
443,10.5281/zenodo.7354905
444,10.5281/zenodo.7354907
445,10.5281/zenodo.7354910
446,10.5281/zenodo.7354914
447,10.5281/zenodo.7354916
448,10.5281/zenodo.7354918
449,10.5281/zenodo.7354922
450,10.5281/zenodo.7354924
451,10.5281/zenodo.7354929
452,10.5281/zenodo.7354931
453,10.5281/zenodo.7354933
454,10.5281/zenodo.7354937
455,10.5281/zenodo.7354939
456,10.5281/zenodo.7354941
457,10.5281/zenodo.7354943
458,10.5281/zenodo.7354945
459,10.5281/zenodo.7354947
460,10.5281/zenodo.7354949
461,10.5281/zenodo.7354955
462,10.5281/zenodo.7354957
463,10.5281/zenodo.7354963
464,10.5281/zenodo.7354965
465,10.5281/zenodo.7354967
466,10.5281/zenodo.7354969
467,10.5281/zenodo.7354971
468,10.5281/zenodo.7354973
469,10.5281/zenodo.7354975
470,10.5281/zenodo.7354977
471,10.5281/zenodo.7354981
472,10.5281/zenodo.7354983
473,10.5281/zenodo.7354985
474,10.5281/zenodo.7354987
475,10.5281/zenodo.7354989
476,10.5281/zenodo.7354993
477,10.5281/zenodo.7354997
478,10.5281/zenodo.7354999
479,10.5281/zenodo.7355001
480,10.5281/zenodo.7355007
481,10.5281/zenodo.7355013
482,10.5281/zenodo.7355015
483,10.5281/zenodo.7355019
484,10.5281/zenodo.7355021
485,10.5281/zenodo.7355023
486,10.5281/zenodo.7355025
487,10.5281/zenodo.7355029
488,10.5281/zenodo.7355031
489,10.5281/zenodo.7355033
490,10.5281/zenodo.7355037
491,10.5281/zenodo.7355039
492,10.5281/zenodo.7355042
493,10.5281/zenodo.7355056
494,10.5281/zenodo.7355070
495,10.5281/zenodo.7355076
496,10.5281/zenodo.7355084
497,10.5281/zenodo.7355092
498,10.5281/zenodo.7355098
499,10.5281/zenodo.7355104
500,10.5281/zenodo.7355106
501,10.5281/zenodo.7355110
502,10.5281/zenodo.7355116
503,10.5281/zenodo.7355120
504,10.5281/zenodo.7355124
505,10.5281/zenodo.7355126
506,10.5281/zenodo.7355128
507,10.5281/zenodo.7355130
508,10.5281/zenodo.7355132
509,10.5281/zenodo.7355136
510,10.5281/zenodo.7355138
511,10.5281/zenodo.7355144
512,10.5281/zenodo.7355146
513,10.5281/zenodo.7355148
514,10.5281/zenodo.7355150
515,10.5281/zenodo.7355154
516,10.5281/zenodo.7355158
517,10.5281/zenodo.7355160
518,10.5281/zenodo.7355162
519,10.5281/zenodo.7355166
520,10.5281/zenodo.7355172
521,10.5281/zenodo.7355174
522,10.5281/zenodo.7355178
523,10.5281/zenodo.7355180
524,10.5281/zenodo.7355182
525,10.5281/zenodo.7355186
526,10.5281/zenodo.7355192
527,10.5281/zenodo.7355194
528,10.5281/zenodo.7355198
529,10.5281/zenodo.7355200
530,10.5281/zenodo.7355206
531,10.5281/zenodo.7355208
532,10.5281/zenodo.7355210
533,10.5281/zenodo.7355212
534,10.5281/zenodo.7355214
535,10.5281/zenodo.7355219
536,10.5281/zenodo.7355221
537,10.5281/zenodo.7355223
538,10.5281/zenodo.7355229
539,10.5281/zenodo.7355231
540,10.5281/zenodo.7355233
541,10.5281/zenodo.7355235
542,10.5281/zenodo.7355239
543,10.5281/zenodo.7355241
544,10.5281/zenodo.7355243
545,10.5281/zenodo.7355249
546,10.5281/zenodo.7355251
547,10.5281/zenodo.7355255
548,10.5281/zenodo.7355259
549,10.5281/zenodo.7355263
550,10.5281/zenodo.7355265
551,10.5281/zenodo.7355267
552,10.5281/zenodo.7355271
553,10.5281/zenodo.7355275
554,10.5281/zenodo.7355279
555,10.5281/zenodo.7355281
556,10.5281/zenodo.7355283
557,10.5281/zenodo.7355285
558,10.5281/zenodo.7355289
559,10.5281/zenodo.7355303
560,10.5281/zenodo.7355305
561,10.5281/zenodo.7355307
562,10.5281/zenodo.7355309
563,10.5281/zenodo.7355313
564,10.5281/zenodo.7355315
565,10.5281/zenodo.7355317
566,10.5281/zenodo.7355319
567,10.5281/zenodo.7355321
568,10.5281/zenodo.7355325
569,10.5281/zenodo.7355328
570,10.5281/zenodo.7355332
571,10.5281/zenodo.7355336
572,10.5281/zenodo.7355338
573,10.5281/zenodo.7355340
574,10.5281/zenodo.7355342
575,10.5281/zenodo.7355344
576,10.5281/zenodo.7355346
577,10.5281/zenodo.7355348
578,10.5281/zenodo.7355350
579,10.5281/zenodo.7355354
580,10.5281/zenodo.7355358
581,10.5281/zenodo.7355362
582,10.5281/zenodo.7355364
583,10.5281/zenodo.7355366
584,10.5281/zenodo.7355370
585,10.5281/zenodo.7355374
586,10.5281/zenodo.7355376
587,10.5281/zenodo.7355380
588,10.5281/zenodo.7355384
589,10.5281/zenodo.7355386
590,10.5281/zenodo.7355388
591,10.5281/zenodo.7355390
592,10.5281/zenodo.7355394
593,10.5281/zenodo.7355396
594,10.5281/zenodo.7355400
595,10.5281/zenodo.7355403
596,10.5281/zenodo.7355407
597,10.5281/zenodo.7355409
598,10.5281/zenodo.7355413
599,10.5281/zenodo.7355415
600,10.5281/zenodo.7355417
601,10.5281/zenodo.7355419
602,10.5281/zenodo.7355422
603,10.5281/zenodo.7355424
604,10.5281/zenodo.7355428
605,10.5281/zenodo.7355430
606,10.5281/zenodo.7355432
607,10.5281/zenodo.7355434
608,10.5281/zenodo.7355436
609,10.5281/zenodo.7355438
610,10.5281/zenodo.7355442
611,10.5281/zenodo.7355444
612,10.5281/zenodo.7355446
613,10.5281/zenodo.7355450
614,10.5281/zenodo.7355452
615,10.5281/zenodo.7355456
616,10.5281/zenodo.7355458
617,10.5281/zenodo.7355460
618,10.5281/zenodo.7355462
619,10.5281/zenodo.7355464
620,10.5281/zenodo.7355466
621,10.5281/zenodo.7355470
622,10.5281/zenodo.7355472
623,10.5281/zenodo.7355476
624,10.5281/zenodo.7355478
625,10.5281/zenodo.7355480
626,10.5281/zenodo.7355482
627,10.5281/zenodo.7355486
628,10.5281/zenodo.7355488
629,10.5281/zenodo.7355492
630,10.5281/zenodo.7355494
631,10.5281/zenodo.7355498
632,10.5281/zenodo.7355500
633,10.5281/zenodo.7355502
634,10.5281/zenodo.7355504
635,10.5281/zenodo.7355510
636,10.5281/zenodo.7355512
637,10.5281/zenodo.7355516
638,10.5281/zenodo.7355518
639,10.5281/zenodo.7355522
640,10.5281/zenodo.7355524
641,10.5281/zenodo.7355526
642,10.5281/zenodo.7355528
643,10.5281/zenodo.7355530
644,10.5281/zenodo.7355532
645,10.5281/zenodo.7355534
646,10.5281/zenodo.7355536
647,10.5281/zenodo.7355538
648,10.5281/zenodo.7355540
649,10.5281/zenodo.7355548
650,10.5281/zenodo.7355552
651,10.5281/zenodo.7355554
652,10.5281/zenodo.7355560
653,10.5281/zenodo.7355562
654,10.5281/zenodo.7355566
655,10.5281/zenodo.7355568
656,10.5281/zenodo.7355574
657,10.5281/zenodo.7355576
658,10.5281/zenodo.7355578
659,10.5281/zenodo.7355580
660,10.5281/zenodo.7355582
661,10.5281/zenodo.7355584
662,10.5281/zenodo.7355588
663,10.5281/zenodo.7355590
664,10.5281/zenodo.7355594
665,10.5281/zenodo.7355596
666,10.5281/zenodo.7355598
667,10.5281/zenodo.7355600
668,10.5281/zenodo.7355604
669,10.5281/zenodo.7355606
670,10.5281/zenodo.7355610
671,10.5281/zenodo.7355612
672,10.5281/zenodo.7355614
673,10.5281/zenodo.7355616
674,10.5281/zenodo.7355618
675,10.5281/zenodo.7355620
676,10.5281/zenodo.7355622
677,10.5281/zenodo.7355624
678,10.5281/zenodo.7355626
679,10.5281/zenodo.7355628
680,10.5281/zenodo.7355630
681,10.5281/zenodo.7355636
682,10.5281/zenodo.7355639
683,10.5281/zenodo.7355641
684,10.5281/zenodo.7355645
685,10.5281/zenodo.7355647
686,10.5281/zenodo.7355649
687,10.5281/zenodo.7355651
688,10.5281/zenodo.7355653
689,10.5281/zenodo.7355655
690,10.5281/zenodo.7355659
691,10.5281/zenodo.7355661
692,10.5281/zenodo.7355663
693,10.5281/zenodo.7355665
694,10.5281/zenodo.7355667
695,10.5281/zenodo.7355671
696,10.5281/zenodo.7355673
697,10.5281/zenodo.7355677
698,10.5281/zenodo.7355680
699,10.5281/zenodo.7355682
700,10.5281/zenodo.7355684
701,10.5281/zenodo.7355686
702,10.5281/zenodo.7355690
703,10.5281/zenodo.7355692
704,10.5281/zenodo.7355694
705,10.5281/zenodo.7355696
706,10.5281/zenodo.7355698
707,10.5281/zenodo.7355700
708,10.5281/zenodo.7355702
709,10.5281/zenodo.7355706
710,10.5281/zenodo.7355710
711,10.5281/zenodo.7355712
712,10.5281/zenodo.7355714
713,10.5281/zenodo.7355716
714,10.5281/zenodo.7355718
715,10.5281/zenodo.7355723
716,10.5281/zenodo.7355725
717,10.5281/zenodo.7355727
718,10.5281/zenodo.7355731
719,10.5281/zenodo.7355735
720,10.5281/zenodo.7355737
721,10.5281/zenodo.7355739
722,10.5281/zenodo.7355741
723,10.5281/zenodo.7355743
724,10.5281/zenodo.7355745
725,10.5281/zenodo.7355747
726,10.5281/zenodo.7355749
727,10.5281/zenodo.7355751
728,10.5281/zenodo.7355753
729,10.5281/zenodo.7355755
730,10.5281/zenodo.7355757
731,10.5281/zenodo.7355759
732,10.5281/zenodo.7355761
733,10.5281/zenodo.7355765
734,10.5281/zenodo.7355767
735,10.5281/zenodo.7355769
736,10.5281/zenodo.7355771
737,10.5281/zenodo.7355773
738,10.5281/zenodo.7355775
739,10.5281/zenodo.7355777
740,10.5281/zenodo.7355779
741,10.5281/zenodo.7355781
742,10.5281/zenodo.7355785
743,10.5281/zenodo.7355787
744,10.5281/zenodo.7355789
745,10.5281/zenodo.7355793
746,10.5281/zenodo.7355795
747,10.5281/zenodo.7355799
748,10.5281/zenodo.7355803
749,10.5281/zenodo.7355807
750,10.5281/zenodo.7355809
751,10.5281/zenodo.7355811
752,10.5281/zenodo.7355815
753,10.5281/zenodo.7355817
754,10.5281/zenodo.7355821
755,10.5281/zenodo.7355825
756,10.5281/zenodo.7355829
757,10.5281/zenodo.7355831
758,10.5281/zenodo.7355833
759,10.5281/zenodo.7355837
761,10.5281/zenodo.7355840
766,10.5281/zenodo.7355842
767,10.5281/zenodo.7355846
770,10.5281/zenodo.7355850
772,10.5281/zenodo.7355852
773,10.5281/zenodo.7355854
774,10.5281/zenodo.7355856
775,10.5281/zenodo.7355858
776,10.5281/zenodo.7355860
777,10.5281/zenodo.7355864
778,10.5281/zenodo.7355867
779,10.5281/zenodo.7355869
780,10.5281/zenodo.7355873
781,10.5281/zenodo.7355877
782,10.5281/zenodo.7355879
783,10.5281/zenodo.7355881
785,10.5281/zenodo.7355885
787,10.5281/zenodo.7355890
788,10.5281/zenodo.7355892
789,10.5281/zenodo.7355896
791,10.5281/zenodo.7355898
792,10.5281/zenodo.7355900
793,10.5281/zenodo.7355902
794,10.5281/zenodo.7355906
795,10.5281/zenodo.7355908
798,10.5281/zenodo.7355914
799,10.5281/zenodo.7355918
800,10.5281/zenodo.7355922
801,10.5281/zenodo.7355926
802,10.5281/zenodo.7355928
804,10.5281/zenodo.7355932
805,10.5281/zenodo.7355934
806,10.5281/zenodo.7355938
807,10.5281/zenodo.7355940
808,10.5281/zenodo.7355945
810,10.5281/zenodo.7355947
811,10.5281/zenodo.7355949
813,10.5281/zenodo.7355951
817,10.5281/zenodo.7355953
819,10.5281/zenodo.7355956
820,10.5281/zenodo.7355958
823,10.5281/zenodo.7355963
824,10.5281/zenodo.7355965
825,10.5281/zenodo.7355967
826,10.5281/zenodo.7355969
827,10.5281/zenodo.7355974
828,10.5281/zenodo.7355978
829,10.5281/zenodo.7355980
830,10.5281/zenodo.7355982
831,10.5281/zenodo.7355986
832,10.5281/zenodo.7355988
833,10.5281/zenodo.7355990
834,10.5281/zenodo.7355992
835,10.5281/zenodo.7355994
836,10.5281/zenodo.7355996
837,10.5281/zenodo.7356000
838,10.5281/zenodo.7356002
839,10.5281/zenodo.7356004
840,10.5281/zenodo.7356008
841,10.5281/zenodo.7356010
842,10.5281/zenodo.7356012
843,10.5281/zenodo.7356015
844,10.5281/zenodo.7356017
845,10.5281/zenodo.7356019
846,10.5281/zenodo.7356021
847,10.5281/zenodo.7356025
848,10.5281/zenodo.7356027
849,10.5281/zenodo.7356033
850,10.5281/zenodo.7356035
851,10.5281/zenodo.7356041
852,10.5281/zenodo.7356043
853,10.5281/zenodo.7356045
854,10.5281/zenodo.7356050
855,10.5281/zenodo.7356052
856,10.5281/zenodo.7356054
857,10.5281/zenodo.7356056
858,10.5281/zenodo.7356058
859,10.5281/zenodo.7356061
860,10.5281/zenodo.7356065
861,10.5281/zenodo.7356067
862,10.5281/zenodo.7356069
863,10.5281/zenodo.7356071
864,10.5281/zenodo.7356073
865,10.5281/zenodo.7356075
872,10.5281/zenodo.7356078
873,10.5281/zenodo.7356084
874,10.5281/zenodo.7356086
875,10.5281/zenodo.7356088
876,10.5281/zenodo.7356090
877,10.5281/zenodo.7356092
878,10.5281/zenodo.7356096
879,10.5281/zenodo.7356098
880,10.5281/zenodo.7356100
881,10.5281/zenodo.7356102
882,10.5281/zenodo.7356105
886,10.5281/zenodo.7356109
887,10.5281/zenodo.7356111
888,10.5281/zenodo.7356113
889,10.5281/zenodo.7356115
890,10.5281/zenodo.7356121
891,10.5281/zenodo.7356123
892,10.5281/zenodo.7356125
893,10.5281/zenodo.7356129
894,10.5281/zenodo.7356131
895,10.5281/zenodo.7356133
896,10.5281/zenodo.7356135
897,10.5281/zenodo.7356137
899,10.5281/zenodo.7356139
900,10.5281/zenodo.7356141
901,10.5281/zenodo.7356143
902,10.5281/zenodo.7356145
903,10.5281/zenodo.7356150
904,10.5281/zenodo.7356152
905,10.5281/zenodo.7356154
906,10.5281/zenodo.7356158
907,10.5281/zenodo.7356160
908,10.5281/zenodo.7356164
909,10.5281/zenodo.7356166
910,10.5281/zenodo.7356169
911,10.5281/zenodo.7356171
912,10.5281/zenodo.7356175
913,10.5281/zenodo.7356177
914,10.5281/zenodo.7356179
915,10.5281/zenodo.7356183
917,10.5281/zenodo.7356185
918,10.5281/zenodo.7356187
920,10.5281/zenodo.7356189
921,10.5281/zenodo.7356191
922,10.5281/zenodo.7356195
924,10.5281/zenodo.7356199
925,10.5281/zenodo.7356201
927,10.5281/zenodo.7356203
928,10.5281/zenodo.7356206
929,10.5281/zenodo.7356208
930,10.5281/zenodo.7356210
931,10.5281/zenodo.7356212
932,10.5281/zenodo.7356214
933,10.5281/zenodo.7356216
934,10.5281/zenodo.7356221
935,10.5281/zenodo.7356225
938,10.5281/zenodo.7356227
939,10.5281/zenodo.7356229
940,10.5281/zenodo.7356231
941,10.5281/zenodo.7356233
942,10.5281/zenodo.7356235
943,10.5281/zenodo.7356237
944,10.5281/zenodo.7356239
945,10.5281/zenodo.7356241
946,10.5281/zenodo.7356245
947,10.5281/zenodo.7356250
949,10.5281/zenodo.7356252
950,10.5281/zenodo.7356256
951,10.5281/zenodo.7356258
952,10.5281/zenodo.7356260
953,10.5281/zenodo.7356262
954,10.5281/zenodo.7356264
955,10.5281/zenodo.7356266
956,10.5281/zenodo.7356269
957,10.5281/zenodo.7356273
958,10.5281/zenodo.7356275
959,10.5281/zenodo.7356277
961,10.5281/zenodo.7356283
962,10.5281/zenodo.7356285
963,10.5281/zenodo.7356287
964,10.5281/zenodo.7356289
967,10.5281/zenodo.7356293
970,10.5281/zenodo.7356295
973,10.5281/zenodo.7356297
974,10.5281/zenodo.7356299
975,10.5281/zenodo.7356301
976,10.5281/zenodo.7356303
978,10.5281/zenodo.7356307
979,10.5281/zenodo.7356309
980,10.5281/zenodo.7356311
981,10.5281/zenodo.7356313
982,10.5281/zenodo.7356315
983,10.5281/zenodo.7356317
984,10.5281/zenodo.7356319
986,10.5281/zenodo.7356323
987,10.5281/zenodo.7356327
990,10.5281/zenodo.7356329
991,10.5281/zenodo.7356331
992,10.5281/zenodo.7356333
994,10.5281/zenodo.7356335
995,10.5281/zenodo.7356337
996,10.5281/zenodo.7356339
998,10.5281/zenodo.7356341
999,10.5281/zenodo.7356343
1001,10.5281/zenodo.7356345
1002,10.5281/zenodo.7356347
1003,10.5281/zenodo.7356349
1004,10.5281/zenodo.7356353
1005,10.5281/zenodo.7356355
1006,10.5281/zenodo.7356357
1007,10.5281/zenodo.7356361
1008,10.5281/zenodo.7356363
1009,10.5281/zenodo.7356365
1010,10.5281/zenodo.7356367
1011,10.5281/zenodo.7356369
1012,10.5281/zenodo.7356371
1013,10.5281/zenodo.7356375
1014,10.5281/zenodo.7356379
1015,10.5281/zenodo.7356383
1016,10.5281/zenodo.7356385
1017,10.5281/zenodo.7356389
1018,10.5281/zenodo.7356391
1019,10.5281/zenodo.7356393
1020,10.5281/zenodo.7356397
1022,10.5281/zenodo.7356399
1023,10.5281/zenodo.7356403
1024,10.5281/zenodo.7356405
1025,10.5281/zenodo.7356408
1026,10.5281/zenodo.7356410
1027,10.5281/zenodo.7356412
1028,10.5281/zenodo.7356414
1029,10.5281/zenodo.7356418
1030,10.5281/zenodo.7356420
1031,10.5281/zenodo.7356424
1032,10.5281/zenodo.7356428
1033,10.5281/zenodo.7356431
1034,10.5281/zenodo.7356435
1035,10.5281/zenodo.7356437
1036,10.5281/zenodo.7356439
1037,10.5281/zenodo.7356441
1038,10.5281/zenodo.7356443
1039,10.5281/zenodo.7356445
1040,10.5281/zenodo.7356447
1041,10.5281/zenodo.7356449
1042,10.5281/zenodo.7356453
1043,10.5281/zenodo.7356457
1044,10.5281/zenodo.7356459
1045,10.5281/zenodo.7356461
1046,10.5281/zenodo.7356463
1048,10.5281/zenodo.7356465
1053,10.5281/zenodo.7356473
1054,10.5281/zenodo.7356475
1055,10.5281/zenodo.7356479
1056,10.5281/zenodo.7356481
1057,10.5281/zenodo.7356483
1058,10.5281/zenodo.7356485
1059,10.5281/zenodo.7356487
1060,10.5281/zenodo.7356489
1061,10.5281/zenodo.7356491
1062,10.5281/zenodo.7356493
1063,10.5281/zenodo.7356495
1064,10.5281/zenodo.7356502
1065,10.5281/zenodo.7356504
1066,10.5281/zenodo.7356506
1067,10.5281/zenodo.7356510
1068,10.5281/zenodo.7356514
1069,10.5281/zenodo.7356516
1070,10.5281/zenodo.7356518
1071,10.5281/zenodo.7356520
1072,10.5281/zenodo.7356522
1073,10.5281/zenodo.7356524
1074,10.5281/zenodo.7356528
1075,10.5281/zenodo.7356530
1076,10.5281/zenodo.7356532
1077,10.5281/zenodo.7356534
1078,10.5281/zenodo.7356536
1079,10.5281/zenodo.7356541
1080,10.5281/zenodo.7356543
1081,10.5281/zenodo.7356545
1082,10.5281/zenodo.7356547
1083,10.5281/zenodo.7356549
1084,10.5281/zenodo.7356553
1085,10.5281/zenodo.7356557
1086,10.5281/zenodo.7356559
1087,10.5281/zenodo.7356561
1088,10.5281/zenodo.7356563
1089,10.5281/zenodo.7356565
1090,10.5281/zenodo.7356567
1091,10.5281/zenodo.7356569
1092,10.5281/zenodo.7356571
1093,10.5281/zenodo.7356573
1094,10.5281/zenodo.7356575
1095,10.5281/zenodo.7356578
1096,10.5281/zenodo.7356584
1097,10.5281/zenodo.7356586
1098,10.5281/zenodo.7356588
1099,10.5281/zenodo.7356590
1100,10.5281/zenodo.7356592
1101,10.5281/zenodo.7356594
1102,10.5281/zenodo.7356596
1103,10.5281/zenodo.7356598
1104,10.5281/zenodo.7356602
1105,10.5281/zenodo.7356604
1106,10.5281/zenodo.7356606
1107,10.5281/zenodo.7356608
1108,10.5281/zenodo.7356612
1109,10.5281/zenodo.7356614
1110,10.5281/zenodo.7356616
1111,10.5281/zenodo.7356618
1112,10.5281/zenodo.7356622
1113,10.5281/zenodo.7356624
1114,10.5281/zenodo.7356626
1115,10.5281/zenodo.7356629
1116,10.5281/zenodo.7356631
1117,10.5281/zenodo.7356633
1118,10.5281/zenodo.7356635
1119,10.5281/zenodo.7356637
1120,10.5281/zenodo.7356639
1122,10.5281/zenodo.7356643
1123,10.5281/zenodo.7356645
1124,10.5281/zenodo.7356647
1125,10.5281/zenodo.7356651
1126,10.5281/zenodo.7356655
1127,10.5281/zenodo.7356657
1128,10.5281/zenodo.7356659
1129,10.5281/zenodo.7356661
1130,10.5281/zenodo.7356663
1131,10.5281/zenodo.7356665
1132,10.5281/zenodo.7356667
1133,10.5281/zenodo.7356669
1134,10.5281/zenodo.7356671
1135,10.5281/zenodo.7356673
1136,10.5281/zenodo.7356675
1137,10.5281/zenodo.7356677
1138,10.5281/zenodo.7356679
1139,10.5281/zenodo.7356683
1140,10.5281/zenodo.7356687
1141,10.5281/zenodo.7356689
1143,10.5281/zenodo.7356693
1144,10.5281/zenodo.7356695
1145,10.5281/zenodo.7356699
1147,10.5281/zenodo.7356701
1148,10.5281/zenodo.7356705
1150,10.5281/zenodo.7356707
1151,10.5281/zenodo.7356713
1152,10.5281/zenodo.7356715
1153,10.5281/zenodo.7356719
1154,10.5281/zenodo.7356721
1155,10.5281/zenodo.7356723
1156,10.5281/zenodo.7356725
1157,10.5281/zenodo.7356727
1158,10.5281/zenodo.7356729
1160,10.5281/zenodo.7356731
1161,10.5281/zenodo.7356733
1162,10.5281/zenodo.7356737
1163,10.5281/zenodo.7356739
1164,10.5281/zenodo.7356745
1165,10.5281/zenodo.7356747
1166,10.5281/zenodo.7356749
1167,10.5281/zenodo.7356751
1168,10.5281/zenodo.7356753
1169,10.5281/zenodo.7356755
1170,10.5281/zenodo.7356757
1171,10.5281/zenodo.7356759
1172,10.5281/zenodo.7356763
1173,10.5281/zenodo.7356765
1174,10.5281/zenodo.7356767
1175,10.5281/zenodo.7356769
1176,10.5281/zenodo.7356771
1177,10.5281/zenodo.7356773
1178,10.5281/zenodo.7356775
1179,10.5281/zenodo.7356777
1180,10.5281/zenodo.7356779
1181,10.5281/zenodo.7356781
1182,10.5281/zenodo.7356785
1183,10.5281/zenodo.7356787
1184,10.5281/zenodo.7356789
1185,10.5281/zenodo.7356791
1186,10.5281/zenodo.7356793
1187,10.5281/zenodo.7356795
1188,10.5281/zenodo.7356797
1189,10.5281/zenodo.7356799
1190,10.5281/zenodo.7356801
1191,10.5281/zenodo.7356803
1192,10.5281/zenodo.7356805
1193,10.5281/zenodo.7356807
1194,10.5281/zenodo.7356810
1195,10.5281/zenodo.7356812
1196,10.5281/zenodo.7356816
1197,10.5281/zenodo.7356820
1198,10.5281/zenodo.7356822
1199,10.5281/zenodo.7356824
1200,10.5281/zenodo.7356827
1201,10.5281/zenodo.7356829
1202,10.5281/zenodo.7356831
1203,10.5281/zenodo.7356835
1204,10.5281/zenodo.7356837
1205,10.5281/zenodo.7356839
1206,10.5281/zenodo.7356843
1207,10.5281/zenodo.7356845
1209,10.5281/zenodo.7356847
1211,10.5281/zenodo.7356849
1212,10.5281/zenodo.7356851
1213,10.5281/zenodo.7356853
1214,10.5281/zenodo.7356855
1215,10.5281/zenodo.7356857
1216,10.5281/zenodo.7356859
1217,10.5281/zenodo.7356861
1218,10.5281/zenodo.7356863
1219,10.5281/zenodo.7356865
1220,10.5281/zenodo.7356867
1221,10.5281/zenodo.7356869
1222,10.5281/zenodo.7356871
1223,10.5281/zenodo.7356873
1224,10.5281/zenodo.7356875
1225,10.5281/zenodo.7356879
1226,10.5281/zenodo.7356881
1227,10.5281/zenodo.7356885
1228,10.5281/zenodo.7356887
1229,10.5281/zenodo.7356890
1231,10.5281/zenodo.7356894
1232,10.5281/zenodo.7356896
1233,10.5281/zenodo.7356898
1234,10.5281/zenodo.7356901
1235,10.5281/zenodo.7356906
1239,10.5281/zenodo.7356912
1240,10.5281/zenodo.7356914
1241,10.5281/zenodo.7356916
1242,10.5281/zenodo.7356918
1243,10.5281/zenodo.7356920
1245,10.5281/zenodo.7356922
1246,10.5281/zenodo.7356924
1247,10.5281/zenodo.7356927
1250,10.5281/zenodo.7356931
1251,10.5281/zenodo.7356935
1254,10.5281/zenodo.7356937
1255,10.5281/zenodo.7356939
1256,10.5281/zenodo.7356941
1259,10.5281/zenodo.7356943
1263,10.5281/zenodo.7356945
1267,10.5281/zenodo.7356947
1271,10.5281/zenodo.7356949
1272,10.5281/zenodo.7356951
1277,10.5281/zenodo.7356953
1278,10.5281/zenodo.7356955
1279,10.5281/zenodo.7356957
1280,10.5281/zenodo.7356959
1282,10.5281/zenodo.7356961
1283,10.5281/zenodo.7356963
1287,10.5281/zenodo.7356965
1288,10.5281/zenodo.7356967
1289,10.5281/zenodo.7356969
1290,10.5281/zenodo.7356973
1293,10.5281/zenodo.7356975
1294,10.5281/zenodo.7356979
1295,10.5281/zenodo.7356985
1298,10.5281/zenodo.7356987
1301,10.5281/zenodo.7356989
1303,10.5281/zenodo.7356991
1307,10.5281/zenodo.7356993
1308,10.5281/zenodo.7356997
1309,10.5281/zenodo.7356999
1310,10.5281/zenodo.7357001
1311,10.5281/zenodo.7357005
1313,10.5281/zenodo.7357009
1314,10.5281/zenodo.7357013
1315,10.5281/zenodo.7357015
1318,10.5281/zenodo.7357017
1319,10.5281/zenodo.7357019
1320,10.5281/zenodo.7357021
1321,10.5281/zenodo.7357023
1322,10.5281/zenodo.7357025
1323,10.5281/zenodo.7357028
1324,10.5281/zenodo.7357032
1325,10.5281/zenodo.7357036
1326,10.5281/zenodo.7357038
1327,10.5281/zenodo.7357040
1328,10.5281/zenodo.7357042
1329,10.5281/zenodo.7357044
1330,10.5281/zenodo.7357046
1331,10.5281/zenodo.7357048
1332,10.5281/zenodo.7357052
1333,10.5281/zenodo.7357054
1334,10.5281/zenodo.7357056
1335,10.5281/zenodo.7357058
1336,10.5281/zenodo.7357060
1337,10.5281/zenodo.7357062
1338,10.5281/zenodo.7357064
1339,10.5281/zenodo.7357066
1340,10.5281/zenodo.7357070
1341,10.5281/zenodo.7357072
1342,10.5281/zenodo.7357074
1343,10.5281/zenodo.7357076
1344,10.5281/zenodo.7357078
1345,10.5281/zenodo.7357080
1346,10.5281/zenodo.7357082
1351,10.5281/zenodo.7357084
1352,10.5281/zenodo.7357086
1354,10.5281/zenodo.7357088
1355,10.5281/zenodo.7357092
1356,10.5281/zenodo.7357094
1357,10.5281/zenodo.7357096
1358,10.5281/zenodo.7357098
1359,10.5281/zenodo.7357100
1360,10.5281/zenodo.7357102
1361,10.5281/zenodo.7357104
1362,10.5281/zenodo.7357106
1363,10.5281/zenodo.7357108
1364,10.5281/zenodo.7357110
1365,10.5281/zenodo.7357112
1366,10.5281/zenodo.7357114
1367,10.5281/zenodo.7357116
1373,10.5281/zenodo.7357118
1375,10.5281/zenodo.7357120
1377,10.5281/zenodo.7357125
1378,10.5281/zenodo.7357127
1379,10.5281/zenodo.7357129
1380,10.5281/zenodo.7357133
1381,10.5281/zenodo.7357135
1382,10.5281/zenodo.7357137
1383,10.5281/zenodo.7357139
1384,10.5281/zenodo.7357141
1386,10.5281/zenodo.7357143
1387,10.5281/zenodo.7357145
1389,10.5281/zenodo.7357147
1392,10.5281/zenodo.7357149
1393,10.5281/zenodo.7357151
1394,10.5281/zenodo.7357153
1395,10.5281/zenodo.7357159
1396,10.5281/zenodo.7357161
1399,10.5281/zenodo.7357163
1401,10.5281/zenodo.7357165
1402,10.5281/zenodo.7357167
1403,10.5281/zenodo.7357171
1404,10.5281/zenodo.7357173
1405,10.5281/zenodo.7357176
1407,10.5281/zenodo.7357180
1408,10.5281/zenodo.7357182
1409,10.5281/zenodo.7357184
1410,10.5281/zenodo.7357186
1411,10.5281/zenodo.7357188
1412,10.5281/zenodo.7357194
1414,10.5281/zenodo.7357198
1415,10.5281/zenodo.7357200
1416,10.5281/zenodo.7357202
1418,10.5281/zenodo.7357204
1419,10.5281/zenodo.7357208
1420,10.5281/zenodo.7357214
1421,10.5281/zenodo.7357216
1422,10.5281/zenodo.7357218
1423,10.5281/zenodo.7357220
1424,10.5281/zenodo.7357224
1425,10.5281/zenodo.7357226
1426,10.5281/zenodo.7357230
1427,10.5281/zenodo.7357233
1430,10.5281/zenodo.7357235
1432,10.5281/zenodo.7357237
1433,10.5281/zenodo.7357241
1434,10.5281/zenodo.7357243
1435,10.5281/zenodo.7357247
1437,10.5281/zenodo.7357249
1442,10.5281/zenodo.7357255
1443,10.5281/zenodo.7357257
1444,10.5281/zenodo.7357259
1445,10.5281/zenodo.7357261
1446,10.5281/zenodo.7357265
1447,10.5281/zenodo.7357267
1448,10.5281/zenodo.7357270
1449,10.5281/zenodo.7357276
1450,10.5281/zenodo.7357278
1451,10.5281/zenodo.7357282
1454,10.5281/zenodo.7357284
1456,10.5281/zenodo.7357288
1458,10.5281/zenodo.7357290
1462,10.5281/zenodo.7357292
1463,10.5281/zenodo.7357295
1464,10.5281/zenodo.7357297
1465,10.5281/zenodo.7357299
1466,10.5281/zenodo.7357301
1467,10.5281/zenodo.7357303
1469,10.5281/zenodo.7357305
1470,10.5281/zenodo.7357307
1474,10.5281/zenodo.7357309
1477,10.5281/zenodo.7357311
1479,10.5281/zenodo.7357313
1480,10.5281/zenodo.7357315
1481,10.5281/zenodo.7357317
1483,10.5281/zenodo.7357319
1484,10.5281/zenodo.7357323
1488,10.5281/zenodo.7357325
1489,10.5281/zenodo.7357327
1490,10.5281/zenodo.7357329
1491,10.5281/zenodo.7357333
1492,10.5281/zenodo.7357335
