record_id,datetime,creation_status_code,metadata_status_code,file_upload_status_code,file_which_caused_problem
8,"21/10/2022 09:31:19",201,200,,
9,"21/10/2022 09:31:25",201,200,,
10,"21/10/2022 09:31:31",201,200,,
11,"21/10/2022 09:31:36",201,200,,
12,"21/10/2022 09:31:41",201,200,,
13,"21/10/2022 09:31:47",201,200,,
14,"21/10/2022 09:31:53",201,200,,
15,"21/10/2022 09:32:02",201,200,,
16,"21/10/2022 09:32:10",201,200,,
17,"21/10/2022 09:32:16",201,200,,
18,"21/10/2022 09:32:21",201,200,,
19,"21/10/2022 09:32:26",201,200,,
20,"21/10/2022 09:32:31",201,200,,
21,"21/10/2022 09:32:36",201,200,,
22,"21/10/2022 09:32:42",201,200,,
25,"21/10/2022 09:32:47",201,200,,
26,"21/10/2022 09:32:52",201,200,,
29,"21/10/2022 09:32:58",201,200,,
30,"21/10/2022 09:33:03",201,200,,
32,"21/10/2022 09:33:08",201,200,,
33,"21/10/2022 09:33:13",201,200,,
35,"21/10/2022 09:33:19",201,200,,
36,"21/10/2022 09:33:24",201,200,,
37,"21/10/2022 09:33:29",201,200,,
38,"21/10/2022 09:33:35",201,200,,
39,"21/10/2022 09:33:43",201,200,,
40,"21/10/2022 09:33:48",201,200,,
41,"21/10/2022 09:33:53",201,200,,
42,"21/10/2022 09:34:00",201,200,,
43,"21/10/2022 09:34:05",201,200,,
44,"21/10/2022 09:34:10",201,200,,
45,"21/10/2022 09:34:16",201,200,,
46,"21/10/2022 09:34:21",201,200,,
47,"21/10/2022 09:34:26",201,200,,
48,"21/10/2022 09:34:32",201,200,,
49,"21/10/2022 09:34:38",201,200,,
50,"21/10/2022 09:34:43",201,200,,
51,"21/10/2022 09:34:49",201,200,,
52,"21/10/2022 09:34:57",201,200,,
53,"21/10/2022 09:35:02",201,200,,
54,"21/10/2022 09:35:08",201,200,,
55,"21/10/2022 09:35:13",201,200,,
56,"21/10/2022 09:35:19",201,200,,
57,"21/10/2022 09:35:24",201,200,,
58,"21/10/2022 09:35:29",201,200,,
62,"21/10/2022 09:36:19",201,200,,
63,"21/10/2022 09:36:25",201,200,,
64,"21/10/2022 09:36:30",201,200,,
65,"21/10/2022 09:36:35",201,200,,
66,"21/10/2022 09:36:40",201,200,,
67,"21/10/2022 09:36:49",201,200,,
68,"21/10/2022 09:36:54",201,200,,
70,"21/10/2022 09:37:03",201,200,,
72,"21/10/2022 09:37:21",201,200,,
73,"21/10/2022 09:37:38",201,200,,
74,"21/10/2022 09:38:57",201,200,,
75,"21/10/2022 09:39:02",201,200,,
76,"21/10/2022 09:39:33",201,200,,
77,"21/10/2022 09:39:39",201,200,,
78,"21/10/2022 09:39:45",201,200,,
79,"21/10/2022 09:39:53",201,200,,
82,"21/10/2022 09:39:59",201,200,,
83,"21/10/2022 09:40:07",201,200,,
84,"21/10/2022 09:40:14",201,200,,
85,"21/10/2022 09:40:20",201,200,,
86,"21/10/2022 09:40:27",201,200,,
87,"21/10/2022 09:40:37",201,200,,
88,"21/10/2022 09:40:43",201,200,,
89,"21/10/2022 09:40:49",201,200,,
90,"21/10/2022 09:41:02",201,200,,
91,"21/10/2022 09:41:21",201,200,,
92,"21/10/2022 09:41:27",201,200,,
93,"21/10/2022 09:41:52",201,200,,
94,"21/10/2022 09:41:58",201,200,,
95,"21/10/2022 09:42:07",201,200,,
96,"21/10/2022 09:42:13",201,200,,
97,"21/10/2022 09:42:18",201,200,,
99,"21/10/2022 09:42:28",201,200,,
100,"21/10/2022 09:42:48",201,200,,
101,"21/10/2022 09:42:54",201,200,,
102,"21/10/2022 09:43:03",201,200,,
103,"21/10/2022 09:43:08",201,200,,
104,"21/10/2022 09:43:19",201,200,,
105,"21/10/2022 09:43:25",201,200,,
106,"21/10/2022 09:43:30",201,200,,
107,"21/10/2022 09:43:35",201,200,,
108,"21/10/2022 09:43:41",201,200,,
109,"21/10/2022 09:43:47",201,200,,
110,"21/10/2022 09:43:57",201,200,,
111,"21/10/2022 09:44:03",201,200,,
112,"21/10/2022 09:44:09",201,200,,
113,"21/10/2022 09:44:16",201,200,,
114,"21/10/2022 09:44:22",201,200,,
115,"21/10/2022 09:44:31",201,200,,
116,"21/10/2022 09:44:37",201,200,,
117,"21/10/2022 09:44:43",201,200,,
124,"21/10/2022 09:45:19",201,200,,
129,"21/10/2022 09:45:43",201,200,,
130,"21/10/2022 09:45:50",201,200,,
134,"21/10/2022 09:45:56",201,200,,
135,"21/10/2022 09:46:02",201,200,,
137,"21/10/2022 09:46:08",201,200,,
138,"21/10/2022 09:46:13",201,200,,
140,"21/10/2022 09:46:19",201,200,,
141,"21/10/2022 09:46:24",201,200,,
142,"21/10/2022 09:46:29",201,200,,
143,"21/10/2022 09:46:35",201,200,,
144,"21/10/2022 09:46:40",201,200,,
150,"21/10/2022 09:46:46",201,200,,
155,"21/10/2022 09:47:42",201,200,,
156,"21/10/2022 09:47:50",201,200,,
158,"21/10/2022 09:47:57",201,200,,
160,"21/10/2022 09:48:08",201,200,,
161,"21/10/2022 09:48:15",201,200,,
162,"21/10/2022 09:48:23",201,200,,
163,"21/10/2022 09:48:30",201,200,,
165,"21/10/2022 09:48:35",201,200,,
166,"21/10/2022 09:48:43",201,200,,
167,"21/10/2022 09:48:51",201,200,,
168,"21/10/2022 09:50:40",201,200,,
169,"21/10/2022 09:57:14",201,200,,
170,"21/10/2022 09:57:20",201,200,,
171,"21/10/2022 09:57:26",201,200,,
172,"21/10/2022 09:57:32",201,200,,
173,"21/10/2022 09:57:39",201,200,,
174,"21/10/2022 09:57:44",201,200,,
175,"21/10/2022 09:57:50",201,200,,
176,"21/10/2022 09:58:27",201,200,,
178,"21/10/2022 09:58:32",201,200,,
179,"21/10/2022 09:58:38",201,200,,
180,"21/10/2022 09:58:43",201,200,,
181,"21/10/2022 09:58:52",201,200,,
183,"21/10/2022 09:58:58",201,200,,
184,"21/10/2022 09:59:04",201,200,,
185,"21/10/2022 09:59:12",201,200,,
186,"21/10/2022 09:59:19",201,200,,
187,"21/10/2022 09:59:25",201,200,,
188,"21/10/2022 09:59:31",201,200,,
189,"21/10/2022 09:59:38",201,200,,
190,"21/10/2022 09:59:46",201,200,,
191,"21/10/2022 09:59:52",201,200,,
192,"21/10/2022 10:00:01",201,200,,
193,"21/10/2022 10:00:09",201,200,,
194,"21/10/2022 10:00:15",201,200,,
196,"21/10/2022 10:00:21",201,200,,
198,"21/10/2022 10:00:26",201,200,,
199,"21/10/2022 10:00:35",201,200,,
200,"21/10/2022 10:00:45",201,200,,
201,"21/10/2022 10:00:51",201,200,,
203,"21/10/2022 10:00:56",201,200,,
204,"21/10/2022 10:01:02",201,200,,
205,"21/10/2022 10:01:07",201,200,,
206,"21/10/2022 10:01:12",201,200,,
207,"21/10/2022 10:01:17",201,200,,
208,"21/10/2022 10:01:23",201,200,,
209,"21/10/2022 10:01:28",201,200,,
210,"21/10/2022 10:01:37",201,200,,
211,"21/10/2022 10:01:42",201,200,,
212,"21/10/2022 10:01:47",201,200,,
213,"21/10/2022 10:01:53",201,200,,
215,"21/10/2022 10:01:58",201,200,,
216,"21/10/2022 10:02:06",201,200,,
217,"21/10/2022 10:02:11",201,200,,
218,"21/10/2022 10:02:16",201,200,,
219,"21/10/2022 10:02:21",201,200,,
220,"21/10/2022 10:02:28",201,200,,
221,"21/10/2022 10:02:33",201,200,,
222,"21/10/2022 10:02:38",201,200,,
223,"21/10/2022 10:02:43",201,200,,
224,"21/10/2022 10:02:48",201,200,,
225,"21/10/2022 10:02:53",201,200,,
226,"21/10/2022 10:02:58",201,200,,
227,"21/10/2022 10:03:03",201,200,,
228,"21/10/2022 10:03:08",201,200,,
229,"21/10/2022 10:03:13",201,200,,
230,"21/10/2022 10:03:19",201,200,,
231,"21/10/2022 10:03:24",201,200,,
233,"21/10/2022 10:03:30",201,200,,
235,"21/10/2022 10:03:40",201,200,,
236,"21/10/2022 10:03:57",201,200,,
237,"21/10/2022 10:04:07",201,200,,
238,"21/10/2022 10:04:15",201,200,,
239,"21/10/2022 10:04:20",201,200,,
240,"21/10/2022 10:04:30",201,200,,
241,"21/10/2022 10:04:37",201,200,,
242,"21/10/2022 10:04:43",201,200,,
243,"21/10/2022 10:04:49",201,200,,
245,"21/10/2022 10:04:56",201,200,,
246,"21/10/2022 10:05:02",201,200,,
247,"21/10/2022 10:05:09",201,200,,
248,"21/10/2022 10:05:17",201,200,,
249,"21/10/2022 10:05:24",201,200,,
250,"21/10/2022 10:05:30",201,200,,
251,"21/10/2022 10:05:37",201,200,,
252,"21/10/2022 10:05:44",201,200,,
253,"21/10/2022 10:05:54",201,200,,
254,"21/10/2022 10:06:00",201,200,,
255,"21/10/2022 10:06:07",201,200,,
257,"21/10/2022 10:06:14",201,200,,
258,"21/10/2022 10:06:21",201,200,,
259,"21/10/2022 10:06:26",201,200,,
260,"21/10/2022 10:06:32",201,200,,
261,"21/10/2022 10:06:38",201,200,,
262,"21/10/2022 10:06:44",201,200,,
263,"21/10/2022 10:06:49",201,200,,
264,"21/10/2022 10:06:56",201,200,,
265,"21/10/2022 10:07:03",201,200,,
266,"21/10/2022 10:07:09",201,200,,
267,"21/10/2022 10:07:15",201,200,,
268,"21/10/2022 10:07:21",201,200,,
269,"21/10/2022 10:07:27",201,200,,
270,"21/10/2022 10:07:33",201,200,,
271,"21/10/2022 10:07:40",201,200,,
272,"21/10/2022 10:07:46",201,200,,
273,"21/10/2022 10:07:56",201,200,,
274,"21/10/2022 10:08:05",201,200,,
275,"21/10/2022 10:08:11",201,200,,
276,"21/10/2022 10:08:17",201,200,,
277,"21/10/2022 10:08:27",201,200,,
278,"21/10/2022 10:08:32",201,200,,
279,"21/10/2022 10:08:38",201,200,,
282,"21/10/2022 10:08:43",201,200,,
283,"21/10/2022 10:08:48",201,200,,
284,"21/10/2022 10:08:57",201,200,,
285,"21/10/2022 10:09:25",201,200,,
286,"21/10/2022 10:09:35",201,200,,
287,"21/10/2022 10:09:50",201,200,,
288,"21/10/2022 10:10:13",201,200,,
289,"21/10/2022 10:10:36",201,200,,
290,"21/10/2022 10:11:14",201,200,,
291,"21/10/2022 10:11:49",201,200,,
292,"21/10/2022 10:11:55",201,200,,
293,"21/10/2022 10:12:03",201,200,,
294,"21/10/2022 10:12:09",201,200,,
295,"21/10/2022 10:12:15",201,200,,
296,"21/10/2022 10:12:24",201,200,,
297,"21/10/2022 10:12:30",201,200,,
298,"21/10/2022 10:12:36",201,200,,
299,"21/10/2022 10:12:44",201,200,,
300,"21/10/2022 10:12:51",201,200,,
301,"21/10/2022 10:13:07",201,200,,
302,"21/10/2022 10:13:25",201,200,,
303,"21/10/2022 10:13:36",201,200,,
304,"21/10/2022 10:13:46",201,200,,
305,"21/10/2022 10:13:55",201,200,,
306,"21/10/2022 10:14:08",201,200,,
307,"21/10/2022 10:14:21",201,200,,
308,"21/10/2022 10:14:35",201,200,,
309,"21/10/2022 10:14:50",201,200,,
310,"21/10/2022 10:15:04",201,200,,
311,"21/10/2022 10:15:25",201,200,,
313,"21/10/2022 10:15:35",201,200,,
315,"21/10/2022 10:15:40",201,200,,
317,"21/10/2022 10:15:47",201,200,,
318,"21/10/2022 10:15:55",201,200,,
321,"21/10/2022 10:16:00",201,200,,
324,"21/10/2022 10:16:14",201,200,,
327,"21/10/2022 10:16:24",201,200,,
330,"21/10/2022 10:16:29",201,200,,
331,"21/10/2022 10:16:35",201,200,,
332,"21/10/2022 10:16:42",201,200,,
333,"21/10/2022 10:16:53",201,200,,
334,"21/10/2022 10:16:59",201,200,,
335,"21/10/2022 10:17:08",201,200,,
336,"21/10/2022 10:17:15",201,200,,
337,"21/10/2022 10:17:22",201,200,,
338,"21/10/2022 10:17:29",201,200,,
341,"21/10/2022 10:17:39",201,200,,
344,"21/10/2022 10:17:45",201,200,,
345,"21/10/2022 10:17:52",201,200,,
348,"21/10/2022 10:17:58",201,200,,
349,"21/10/2022 10:18:06",201,200,,
350,"21/10/2022 10:18:12",201,200,,
354,"21/10/2022 10:18:18",201,200,,
355,"21/10/2022 10:18:23",201,200,,
356,"21/10/2022 10:18:30",201,200,,
358,"21/10/2022 10:18:38",201,200,,
360,"21/10/2022 10:18:45",201,200,,
361,"21/10/2022 10:18:59",201,200,,
369,"21/10/2022 10:19:10",201,200,,
370,"21/10/2022 10:19:17",201,200,,
371,"21/10/2022 10:19:30",201,200,,
372,"21/10/2022 10:19:44",201,200,,
373,"21/10/2022 10:19:52",201,200,,
374,"21/10/2022 10:20:07",201,200,,
375,"21/10/2022 10:20:20",201,200,,
376,"21/10/2022 10:20:28",201,200,,
377,"21/10/2022 10:20:36",201,200,,
378,"21/10/2022 10:20:46",201,200,,
379,"21/10/2022 10:20:54",201,200,,
380,"21/10/2022 10:21:01",201,200,,
381,"21/10/2022 10:21:08",201,200,,
382,"21/10/2022 10:21:16",201,200,,
383,"21/10/2022 10:21:24",201,200,,
384,"21/10/2022 10:21:31",201,200,,
385,"21/10/2022 10:21:41",201,200,,
386,"21/10/2022 10:21:50",201,200,,
387,"21/10/2022 10:21:59",201,200,,
388,"21/10/2022 10:22:13",201,200,,
389,"21/10/2022 10:22:25",201,200,,
390,"21/10/2022 10:22:40",201,200,,
391,"21/10/2022 10:22:50",201,200,,
392,"21/10/2022 10:23:01",201,200,,
393,"21/10/2022 10:23:15",201,200,,
394,"21/10/2022 10:23:25",201,200,,
395,"21/10/2022 10:23:38",201,200,,
396,"21/10/2022 10:23:46",201,200,,
397,"21/10/2022 10:23:57",201,200,,
398,"21/10/2022 10:24:08",201,200,,
399,"21/10/2022 10:24:21",201,200,,
400,"21/10/2022 10:24:30",201,200,,
401,"21/10/2022 10:24:37",201,200,,
402,"21/10/2022 10:24:44",201,200,,
403,"21/10/2022 10:24:51",201,200,,
404,"21/10/2022 10:24:59",201,200,,
405,"21/10/2022 10:25:06",201,200,,
406,"21/10/2022 10:25:14",201,200,,
407,"21/10/2022 10:25:21",201,200,,
408,"21/10/2022 10:25:29",201,200,,
409,"21/10/2022 10:25:37",201,200,,
410,"21/10/2022 10:25:46",201,200,,
411,"21/10/2022 10:25:54",201,200,,
412,"21/10/2022 10:26:04",201,200,,
413,"21/10/2022 10:26:13",201,200,,
414,"21/10/2022 10:26:22",201,200,,
415,"21/10/2022 10:26:31",201,200,,
416,"21/10/2022 10:26:42",201,200,,
417,"21/10/2022 10:26:51",201,200,,
418,"21/10/2022 10:26:59",201,200,,
419,"21/10/2022 10:27:06",201,200,,
420,"21/10/2022 10:27:14",201,200,,
421,"21/10/2022 10:27:23",201,200,,
422,"21/10/2022 10:27:31",201,200,,
423,"21/10/2022 10:27:39",201,200,,
424,"21/10/2022 10:27:47",201,200,,
425,"21/10/2022 10:27:55",201,200,,
426,"21/10/2022 10:28:03",201,200,,
427,"21/10/2022 10:28:11",201,200,,
428,"21/10/2022 10:28:20",201,200,,
429,"21/10/2022 10:28:30",201,200,,
430,"21/10/2022 10:28:39",201,200,,
431,"21/10/2022 10:28:47",201,200,,
432,"21/10/2022 10:28:54",201,200,,
433,"21/10/2022 10:29:04",201,200,,
434,"21/10/2022 10:29:19",201,200,,
435,"21/10/2022 10:29:26",201,200,,
436,"21/10/2022 10:29:33",201,200,,
437,"21/10/2022 10:29:40",201,200,,
438,"21/10/2022 10:29:50",201,200,,
439,"21/10/2022 10:30:01",201,200,,
440,"21/10/2022 10:30:10",201,200,,
441,"21/10/2022 10:30:21",201,200,,
442,"21/10/2022 10:30:33",201,200,,
443,"21/10/2022 10:30:41",201,200,,
444,"21/10/2022 10:30:50",201,200,,
445,"21/10/2022 10:30:59",201,200,,
446,"21/10/2022 10:31:08",201,200,,
447,"21/10/2022 10:31:16",201,200,,
448,"21/10/2022 10:31:22",201,200,,
449,"21/10/2022 10:31:30",201,200,,
450,"21/10/2022 10:31:38",201,200,,
451,"21/10/2022 10:31:52",201,200,,
452,"21/10/2022 10:32:06",201,200,,
453,"21/10/2022 10:32:16",201,200,,
454,"21/10/2022 10:32:27",201,200,,
455,"21/10/2022 10:32:36",201,200,,
456,"21/10/2022 10:32:47",201,200,,
457,"21/10/2022 10:32:56",201,200,,
458,"21/10/2022 10:33:06",201,200,,
459,"21/10/2022 10:33:12",201,200,,
460,"21/10/2022 10:33:18",201,200,,
461,"21/10/2022 10:33:34",201,200,,
462,"21/10/2022 10:33:46",201,200,,
463,"21/10/2022 10:33:54",201,200,,
464,"21/10/2022 10:34:03",201,200,,
465,"21/10/2022 10:34:13",201,200,,
466,"21/10/2022 10:34:24",201,200,,
467,"21/10/2022 10:34:33",201,200,,
468,"21/10/2022 10:34:43",201,200,,
469,"21/10/2022 10:34:54",201,200,,
470,"21/10/2022 10:35:12",201,200,,
471,"21/10/2022 10:35:20",201,200,,
472,"21/10/2022 10:35:33",201,200,,
473,"21/10/2022 10:35:42",201,200,,
474,"21/10/2022 10:35:51",201,200,,
475,"21/10/2022 10:36:02",201,200,,
476,"21/10/2022 10:36:11",201,200,,
477,"21/10/2022 10:36:20",201,200,,
478,"21/10/2022 10:36:32",201,200,,
479,"21/10/2022 10:36:46",201,200,,
480,"21/10/2022 10:36:55",201,200,,
481,"21/10/2022 10:37:03",201,200,,
482,"21/10/2022 10:37:10",201,200,,
483,"21/10/2022 10:37:22",201,200,,
484,"21/10/2022 10:37:33",201,200,,
485,"21/10/2022 10:37:46",201,200,,
486,"21/10/2022 10:38:01",201,200,,
487,"21/10/2022 10:38:14",201,200,,
488,"21/10/2022 10:38:24",201,200,,
489,"21/10/2022 10:38:33",201,200,,
490,"21/10/2022 10:38:42",201,200,,
491,"21/10/2022 10:38:54",201,200,,
492,"21/10/2022 10:39:10",201,200,,
493,"21/10/2022 10:39:17",201,200,,
494,"21/10/2022 10:39:25",201,200,,
495,"21/10/2022 10:39:34",201,200,,
496,"21/10/2022 10:39:45",201,200,,
497,"21/10/2022 10:40:01",201,200,,
498,"21/10/2022 10:40:16",201,200,,
499,"21/10/2022 10:40:26",201,200,,
500,"21/10/2022 10:40:39",201,200,,
501,"21/10/2022 10:40:54",201,200,,
502,"21/10/2022 10:41:08",201,200,,
503,"21/10/2022 10:41:19",201,200,,
504,"21/10/2022 10:41:30",201,200,,
505,"21/10/2022 10:41:43",201,200,,
506,"21/10/2022 10:41:59",201,200,,
507,"21/10/2022 10:42:09",201,200,,
508,"21/10/2022 10:42:17",201,200,,
509,"21/10/2022 10:42:28",201,200,,
510,"21/10/2022 10:42:37",201,200,,
511,"21/10/2022 10:42:50",201,200,,
512,"21/10/2022 10:42:59",201,200,,
513,"21/10/2022 10:43:08",201,200,,
514,"21/10/2022 10:43:19",201,200,,
515,"21/10/2022 10:43:28",201,200,,
516,"21/10/2022 10:43:38",201,200,,
517,"21/10/2022 10:43:50",201,200,,
518,"21/10/2022 10:43:57",201,200,,
519,"21/10/2022 10:44:07",201,200,,
520,"21/10/2022 10:44:16",201,200,,
521,"21/10/2022 10:44:26",201,200,,
522,"21/10/2022 10:44:35",201,200,,
523,"21/10/2022 10:44:44",201,200,,
524,"21/10/2022 10:44:54",201,200,,
525,"21/10/2022 10:45:04",201,200,,
526,"21/10/2022 10:45:16",201,200,,
527,"21/10/2022 10:45:25",201,200,,
528,"21/10/2022 10:45:36",201,200,,
529,"21/10/2022 10:45:47",201,200,,
530,"21/10/2022 10:45:57",201,200,,
531,"21/10/2022 10:46:08",201,200,,
532,"21/10/2022 10:46:17",201,200,,
533,"21/10/2022 10:46:29",201,200,,
534,"21/10/2022 10:46:45",201,200,,
535,"21/10/2022 10:46:55",201,200,,
536,"21/10/2022 10:47:06",201,200,,
537,"21/10/2022 10:47:17",201,200,,
538,"21/10/2022 10:47:27",201,200,,
539,"21/10/2022 10:47:36",201,200,,
540,"21/10/2022 10:47:48",201,200,,
541,"21/10/2022 10:47:58",201,200,,
542,"21/10/2022 10:48:15",201,200,,
543,"21/10/2022 10:48:24",201,200,,
544,"21/10/2022 10:48:34",201,200,,
545,"21/10/2022 10:48:42",201,200,,
546,"21/10/2022 10:48:50",201,200,,
547,"21/10/2022 10:48:59",201,200,,
548,"21/10/2022 10:49:11",201,200,,
549,"21/10/2022 10:49:20",201,200,,
550,"21/10/2022 10:49:30",201,200,,
551,"21/10/2022 10:49:39",201,200,,
552,"21/10/2022 10:49:48",201,200,,
553,"21/10/2022 10:49:56",201,200,,
554,"21/10/2022 10:50:09",201,200,,
555,"21/10/2022 10:50:17",201,200,,
556,"21/10/2022 10:50:27",201,200,,
557,"21/10/2022 10:50:39",201,200,,
558,"21/10/2022 10:50:48",201,200,,
559,"21/10/2022 10:50:59",201,200,,
560,"21/10/2022 10:51:09",201,200,,
561,"21/10/2022 10:51:19",201,200,,
562,"21/10/2022 10:51:27",201,200,,
563,"21/10/2022 10:51:35",201,200,,
564,"21/10/2022 10:51:43",201,200,,
565,"21/10/2022 10:51:53",201,200,,
566,"21/10/2022 10:52:02",201,200,,
567,"21/10/2022 10:52:09",201,200,,
568,"21/10/2022 10:52:19",201,200,,
569,"21/10/2022 10:52:26",201,200,,
570,"21/10/2022 10:52:37",201,200,,
571,"21/10/2022 10:52:46",201,200,,
572,"21/10/2022 10:52:54",201,200,,
573,"21/10/2022 10:53:01",201,200,,
574,"21/10/2022 10:53:09",201,200,,
575,"21/10/2022 10:53:18",201,200,,
576,"21/10/2022 10:53:30",201,200,,
577,"21/10/2022 10:53:38",201,200,,
578,"21/10/2022 10:53:45",201,200,,
579,"21/10/2022 10:53:56",201,200,,
580,"21/10/2022 10:54:04",201,200,,
581,"21/10/2022 10:54:12",201,200,,
582,"21/10/2022 10:54:21",201,200,,
583,"21/10/2022 10:54:32",201,200,,
584,"21/10/2022 10:54:43",201,200,,
585,"21/10/2022 10:54:53",201,200,,
586,"21/10/2022 10:55:04",201,200,,
587,"21/10/2022 10:55:14",201,200,,
588,"21/10/2022 10:55:22",201,200,,
589,"21/10/2022 10:55:29",201,200,,
590,"21/10/2022 10:55:40",201,200,,
591,"21/10/2022 10:55:48",201,200,,
592,"21/10/2022 10:55:56",201,200,,
593,"21/10/2022 10:56:09",201,200,,
594,"21/10/2022 10:56:23",201,200,,
595,"21/10/2022 10:56:33",201,200,,
596,"21/10/2022 10:56:41",201,200,,
597,"21/10/2022 10:56:48",201,200,,
598,"21/10/2022 10:56:56",201,200,,
599,"21/10/2022 10:57:04",201,200,,
600,"21/10/2022 10:57:12",201,200,,
601,"21/10/2022 10:57:21",201,200,,
602,"21/10/2022 10:57:29",201,200,,
603,"21/10/2022 10:57:36",201,200,,
604,"21/10/2022 10:57:48",201,200,,
605,"21/10/2022 10:57:57",201,200,,
606,"21/10/2022 10:58:07",201,200,,
607,"21/10/2022 10:58:16",201,200,,
608,"21/10/2022 10:58:26",201,200,,
609,"21/10/2022 10:58:37",201,200,,
610,"21/10/2022 10:58:47",201,200,,
611,"21/10/2022 10:58:52",201,200,,
612,"21/10/2022 10:58:59",201,200,,
613,"21/10/2022 10:59:08",201,200,,
614,"21/10/2022 10:59:16",201,200,,
615,"21/10/2022 10:59:24",201,200,,
616,"21/10/2022 10:59:31",201,200,,
617,"21/10/2022 10:59:39",201,200,,
618,"21/10/2022 10:59:47",201,200,,
619,"21/10/2022 11:00:00",201,200,,
620,"21/10/2022 11:00:09",201,200,,
621,"21/10/2022 11:00:17",201,200,,
622,"21/10/2022 11:00:25",201,200,,
623,"21/10/2022 11:00:34",201,200,,
624,"21/10/2022 11:00:41",201,200,,
625,"21/10/2022 11:00:50",201,200,,
626,"21/10/2022 11:00:59",201,200,,
627,"21/10/2022 11:01:16",201,200,,
628,"21/10/2022 11:01:27",201,200,,
629,"21/10/2022 11:01:36",201,200,,
630,"21/10/2022 11:01:46",201,200,,
631,"21/10/2022 11:01:54",201,200,,
632,"21/10/2022 11:02:05",201,200,,
633,"21/10/2022 11:02:12",201,200,,
634,"21/10/2022 11:02:19",201,200,,
635,"21/10/2022 11:02:26",201,200,,
636,"21/10/2022 11:02:33",201,200,,
637,"21/10/2022 11:02:40",201,200,,
638,"21/10/2022 11:02:46",201,200,,
639,"21/10/2022 11:02:52",201,200,,
640,"21/10/2022 11:03:01",201,200,,
641,"21/10/2022 11:03:13",201,200,,
642,"21/10/2022 11:03:20",201,200,,
643,"21/10/2022 11:03:29",201,200,,
644,"21/10/2022 11:03:37",201,200,,
645,"21/10/2022 11:03:50",201,200,,
646,"21/10/2022 11:04:03",201,200,,
647,"21/10/2022 11:04:11",201,200,,
648,"21/10/2022 11:04:20",201,200,,
649,"21/10/2022 11:04:27",201,200,,
650,"21/10/2022 11:04:36",201,200,,
651,"21/10/2022 11:04:45",201,200,,
652,"21/10/2022 11:04:56",201,200,,
653,"21/10/2022 11:05:08",201,200,,
654,"21/10/2022 11:05:18",201,200,,
655,"21/10/2022 11:05:26",201,200,,
656,"21/10/2022 11:05:35",201,200,,
657,"21/10/2022 11:05:42",201,200,,
658,"21/10/2022 11:05:49",201,200,,
659,"21/10/2022 11:05:58",201,200,,
660,"21/10/2022 11:06:05",201,200,,
661,"21/10/2022 11:06:14",201,200,,
662,"21/10/2022 11:06:22",201,200,,
663,"21/10/2022 11:06:34",201,200,,
664,"21/10/2022 11:06:42",201,200,,
665,"21/10/2022 11:06:48",201,200,,
666,"21/10/2022 11:06:55",201,200,,
667,"21/10/2022 11:07:02",201,200,,
668,"21/10/2022 11:07:08",201,200,,
669,"21/10/2022 11:07:17",201,200,,
670,"21/10/2022 11:07:25",201,200,,
671,"21/10/2022 11:07:33",201,200,,
672,"21/10/2022 11:07:40",201,200,,
673,"21/10/2022 11:07:49",201,200,,
674,"21/10/2022 11:07:57",201,200,,
675,"21/10/2022 11:08:06",201,200,,
676,"21/10/2022 11:08:16",201,200,,
677,"21/10/2022 11:08:27",201,200,,
678,"21/10/2022 11:08:37",201,200,,
679,"21/10/2022 11:08:43",201,200,,
680,"21/10/2022 11:08:52",201,200,,
681,"21/10/2022 11:09:00",201,200,,
682,"21/10/2022 11:09:08",201,200,,
683,"21/10/2022 11:09:16",201,200,,
684,"21/10/2022 11:09:23",201,200,,
685,"21/10/2022 11:09:32",201,200,,
686,"21/10/2022 11:09:45",201,200,,
687,"21/10/2022 11:09:54",201,200,,
688,"21/10/2022 11:10:10",201,200,,
689,"21/10/2022 11:10:23",201,200,,
690,"21/10/2022 11:10:35",201,200,,
691,"21/10/2022 11:10:49",201,200,,
692,"21/10/2022 11:10:58",201,200,,
693,"21/10/2022 11:11:07",201,200,,
694,"21/10/2022 11:11:20",201,200,,
695,"21/10/2022 11:11:30",201,200,,
696,"21/10/2022 11:11:42",201,200,,
697,"21/10/2022 11:11:51",201,200,,
698,"21/10/2022 11:12:07",201,200,,
699,"21/10/2022 11:12:21",201,200,,
700,"21/10/2022 11:12:34",201,200,,
701,"21/10/2022 11:12:43",201,200,,
702,"21/10/2022 11:12:55",201,200,,
703,"21/10/2022 11:13:05",201,200,,
704,"21/10/2022 11:13:15",201,200,,
705,"21/10/2022 11:13:25",201,200,,
706,"21/10/2022 11:13:39",201,200,,
707,"21/10/2022 11:13:46",201,200,,
708,"21/10/2022 11:13:51",201,200,,
709,"21/10/2022 11:14:05",201,200,,
710,"21/10/2022 11:14:13",201,200,,
711,"21/10/2022 11:14:26",201,200,,
712,"21/10/2022 11:14:39",201,200,,
713,"21/10/2022 11:14:51",201,200,,
714,"21/10/2022 11:14:56",201,200,,
715,"21/10/2022 11:15:08",201,200,,
716,"21/10/2022 11:15:19",201,200,,
717,"21/10/2022 11:15:33",201,200,,
718,"21/10/2022 11:15:41",201,200,,
719,"21/10/2022 11:15:48",201,200,,
720,"21/10/2022 11:15:56",201,200,,
721,"21/10/2022 11:16:04",201,200,,
722,"21/10/2022 11:16:10",201,200,,
723,"21/10/2022 11:16:20",201,200,,
724,"21/10/2022 11:16:28",201,200,,
725,"21/10/2022 11:16:41",201,200,,
726,"21/10/2022 11:16:50",201,200,,
727,"21/10/2022 11:17:01",201,200,,
728,"21/10/2022 11:17:10",201,200,,
729,"21/10/2022 11:17:17",201,200,,
730,"21/10/2022 11:17:23",201,200,,
731,"21/10/2022 11:17:31",201,200,,
732,"21/10/2022 11:17:39",201,200,,
733,"21/10/2022 11:17:47",201,200,,
734,"21/10/2022 11:17:55",201,200,,
735,"21/10/2022 11:18:03",201,200,,
736,"21/10/2022 11:18:09",201,200,,
737,"21/10/2022 11:18:17",201,200,,
738,"21/10/2022 11:18:24",201,200,,
739,"21/10/2022 11:18:31",201,200,,
740,"21/10/2022 11:18:38",201,200,,
741,"21/10/2022 11:18:45",201,200,,
742,"21/10/2022 11:18:54",201,200,,
743,"21/10/2022 11:19:01",201,200,,
744,"21/10/2022 11:19:32",201,200,,
745,"21/10/2022 11:19:42",201,200,,
746,"21/10/2022 11:19:54",201,200,,
747,"21/10/2022 11:20:00",201,200,,
748,"21/10/2022 11:20:07",201,200,,
749,"21/10/2022 11:20:39",201,200,,
750,"21/10/2022 11:20:57",201,200,,
751,"21/10/2022 11:21:06",201,200,,
752,"21/10/2022 11:21:28",201,200,,
753,"21/10/2022 11:21:53",201,200,,
754,"21/10/2022 11:22:12",201,200,,
755,"21/10/2022 11:22:21",201,200,,
756,"21/10/2022 11:22:40",201,200,,
757,"21/10/2022 11:22:49",201,200,,
758,"21/10/2022 11:23:14",201,200,,
759,"21/10/2022 11:23:34",201,200,,
761,"21/10/2022 11:23:55",201,200,,
766,"21/10/2022 11:24:02",201,200,,
767,"21/10/2022 11:24:07",201,200,,
770,"21/10/2022 11:24:12",201,200,,
772,"21/10/2022 11:24:18",201,200,,
773,"21/10/2022 11:24:23",201,200,,
774,"21/10/2022 11:24:29",201,200,,
775,"21/10/2022 11:24:38",201,200,,
776,"21/10/2022 11:24:44",201,200,,
777,"21/10/2022 11:24:49",201,200,,
778,"21/10/2022 11:24:55",201,200,,
779,"21/10/2022 11:25:31",201,200,,
780,"21/10/2022 11:26:18",201,200,,
781,"21/10/2022 11:26:25",201,200,,
782,"21/10/2022 11:26:31",201,200,,
783,"21/10/2022 11:26:43",201,200,,
785,"21/10/2022 11:26:48",201,200,,
787,"21/10/2022 11:27:00",201,200,,
788,"21/10/2022 11:27:05",201,200,,
789,"21/10/2022 11:27:13",201,200,,
791,"21/10/2022 11:27:19",201,200,,
792,"21/10/2022 11:27:28",201,200,,
793,"21/10/2022 11:27:34",201,200,,
794,"21/10/2022 11:27:40",201,200,,
795,"21/10/2022 11:27:46",201,200,,
798,"21/10/2022 11:27:55",201,200,,
799,"21/10/2022 11:28:07",201,200,,
800,"21/10/2022 11:28:15",201,200,,
801,"21/10/2022 11:28:22",201,200,,
802,"21/10/2022 11:28:31",201,200,,
804,"21/10/2022 11:28:38",201,200,,
805,"21/10/2022 11:28:43",201,200,,
806,"21/10/2022 11:28:50",201,200,,
807,"21/10/2022 11:28:56",201,200,,
808,"21/10/2022 11:29:03",201,200,,
810,"21/10/2022 11:29:08",201,200,,
811,"21/10/2022 11:29:14",201,200,,
813,"21/10/2022 11:29:24",201,200,,
817,"21/10/2022 11:29:30",201,200,,
819,"21/10/2022 11:29:37",201,200,,
820,"21/10/2022 11:29:43",201,200,,
823,"21/10/2022 11:29:49",201,200,,
824,"21/10/2022 11:29:55",201,200,,
825,"21/10/2022 11:30:01",201,200,,
826,"21/10/2022 11:30:08",201,200,,
827,"21/10/2022 11:30:13",201,200,,
828,"21/10/2022 11:30:20",201,200,,
829,"21/10/2022 11:30:26",201,200,,
830,"21/10/2022 11:30:33",201,200,,
831,"21/10/2022 11:30:39",201,200,,
832,"21/10/2022 11:30:45",201,200,,
833,"21/10/2022 11:30:52",201,200,,
834,"21/10/2022 11:30:59",201,200,,
835,"21/10/2022 11:31:06",201,200,,
836,"21/10/2022 11:31:13",201,200,,
837,"21/10/2022 11:31:19",201,200,,
838,"21/10/2022 11:31:26",201,200,,
839,"21/10/2022 11:31:32",201,200,,
840,"21/10/2022 11:31:40",201,200,,
841,"21/10/2022 11:31:47",201,200,,
842,"21/10/2022 11:31:53",201,200,,
843,"21/10/2022 11:32:00",201,200,,
844,"21/10/2022 11:32:05",201,200,,
845,"21/10/2022 11:32:11",201,200,,
846,"21/10/2022 11:32:17",201,200,,
847,"21/10/2022 11:32:23",201,200,,
848,"21/10/2022 11:32:28",201,200,,
849,"21/10/2022 11:32:34",201,200,,
850,"21/10/2022 11:32:40",201,200,,
851,"21/10/2022 11:32:45",201,200,,
852,"21/10/2022 11:32:50",201,200,,
853,"21/10/2022 11:32:56",201,200,,
854,"21/10/2022 11:33:01",201,200,,
855,"21/10/2022 11:33:07",201,200,,
856,"21/10/2022 11:33:12",201,200,,
857,"21/10/2022 11:33:18",201,200,,
858,"21/10/2022 11:33:24",201,200,,
859,"21/10/2022 11:33:30",201,200,,
860,"21/10/2022 11:33:36",201,200,,
861,"21/10/2022 11:33:43",201,200,,
862,"21/10/2022 11:33:48",201,200,,
863,"21/10/2022 11:33:55",201,200,,
864,"21/10/2022 11:34:03",201,200,,
865,"21/10/2022 11:34:10",201,200,,
872,"21/10/2022 11:34:17",201,200,,
873,"21/10/2022 11:34:27",201,200,,
874,"21/10/2022 11:34:36",201,200,,
875,"21/10/2022 11:34:45",201,200,,
876,"21/10/2022 11:34:53",201,200,,
877,"21/10/2022 11:35:01",201,200,,
878,"21/10/2022 11:35:08",201,200,,
879,"21/10/2022 11:35:19",201,200,,
880,"21/10/2022 11:35:31",201,200,,
881,"21/10/2022 11:35:41",201,200,,
882,"21/10/2022 11:35:48",201,200,,
886,"21/10/2022 11:35:54",201,200,,
887,"21/10/2022 11:36:02",201,200,,
888,"21/10/2022 11:36:11",201,200,,
889,"21/10/2022 11:36:22",201,200,,
890,"21/10/2022 11:36:31",201,200,,
891,"21/10/2022 11:36:41",201,200,,
892,"21/10/2022 11:36:47",201,200,,
893,"21/10/2022 11:36:55",201,200,,
894,"21/10/2022 11:37:02",201,200,,
895,"21/10/2022 11:37:09",201,200,,
896,"21/10/2022 11:37:30",201,200,,
897,"21/10/2022 11:37:39",201,200,,
899,"21/10/2022 11:37:47",201,200,,
900,"21/10/2022 11:37:53",201,200,,
901,"21/10/2022 11:38:02",201,200,,
902,"21/10/2022 11:38:11",201,200,,
903,"21/10/2022 11:38:25",201,200,,
904,"21/10/2022 11:38:41",201,200,,
905,"21/10/2022 11:38:46",201,200,,
906,"21/10/2022 11:38:53",201,200,,
907,"21/10/2022 11:39:00",201,200,,
908,"21/10/2022 11:39:18",201,200,,
909,"21/10/2022 11:39:28",201,200,,
910,"21/10/2022 11:39:33",201,200,,
911,"21/10/2022 11:39:40",201,200,,
912,"21/10/2022 11:40:38",201,200,,
913,"21/10/2022 11:40:45",201,200,,
914,"21/10/2022 11:40:52",201,200,,
915,"21/10/2022 11:41:01",201,200,,
917,"21/10/2022 11:41:06",201,200,,
918,"21/10/2022 11:41:15",201,200,,
920,"21/10/2022 11:41:21",201,200,,
921,"21/10/2022 11:41:27",201,200,,
922,"21/10/2022 11:41:35",201,200,,
924,"21/10/2022 11:41:44",201,200,,
925,"21/10/2022 11:41:56",201,200,,
927,"21/10/2022 11:42:09",201,200,,
928,"21/10/2022 11:42:15",201,200,,
929,"21/10/2022 11:42:23",201,200,,
930,"21/10/2022 11:42:36",201,200,,
931,"21/10/2022 11:42:54",201,200,,
932,"21/10/2022 11:43:02",201,200,,
933,"21/10/2022 11:43:09",201,200,,
934,"21/10/2022 11:43:18",201,200,,
935,"21/10/2022 11:43:38",201,200,,
938,"21/10/2022 11:43:43",201,200,,
939,"21/10/2022 11:43:51",201,200,,
940,"21/10/2022 11:43:58",201,200,,
941,"21/10/2022 11:44:04",201,200,,
942,"21/10/2022 11:44:09",201,200,,
943,"21/10/2022 11:44:14",201,200,,
944,"21/10/2022 11:44:20",201,200,,
945,"21/10/2022 11:44:25",201,200,,
946,"21/10/2022 11:44:32",201,200,,
947,"21/10/2022 11:44:38",201,200,,
949,"21/10/2022 11:44:44",201,200,,
950,"21/10/2022 11:44:54",201,200,,
951,"21/10/2022 11:45:03",201,200,,
952,"21/10/2022 11:45:10",201,200,,
953,"21/10/2022 11:45:19",201,200,,
954,"21/10/2022 11:45:47",201,200,,
955,"21/10/2022 11:45:55",201,200,,
956,"21/10/2022 11:46:03",201,200,,
957,"21/10/2022 11:46:10",201,200,,
958,"21/10/2022 11:46:21",201,200,,
959,"21/10/2022 11:46:28",201,200,,
961,"21/10/2022 12:24:03",201,400,,
962,"21/10/2022 12:24:08",201,200,,
963,"21/10/2022 12:24:17",201,200,,
964,"21/10/2022 12:24:25",201,200,,
967,"21/10/2022 12:24:33",201,200,,
970,"21/10/2022 12:24:46",201,200,,
973,"21/10/2022 12:24:52",201,200,,
974,"21/10/2022 12:25:16",201,200,,
975,"21/10/2022 12:25:23",201,200,,
976,"21/10/2022 12:25:35",201,200,,
978,"21/10/2022 12:25:46",201,200,,
979,"21/10/2022 12:25:55",201,200,,
980,"21/10/2022 12:26:05",201,200,,
981,"21/10/2022 12:26:16",201,200,,
982,"21/10/2022 12:26:57",201,200,,
983,"21/10/2022 12:27:08",201,200,,
984,"21/10/2022 12:27:14",201,200,,
986,"21/10/2022 12:27:26",201,200,,
987,"21/10/2022 12:27:33",201,200,,
990,"21/10/2022 12:27:44",201,200,,
991,"21/10/2022 12:27:55",201,200,,
992,"21/10/2022 12:28:01",201,200,,
994,"21/10/2022 12:28:16",201,200,,
995,"21/10/2022 12:29:17",201,200,,
996,"21/10/2022 12:29:23",201,200,,
998,"21/10/2022 12:29:36",201,200,,
999,"21/10/2022 12:29:42",201,200,,
1001,"21/10/2022 12:29:47",201,200,,
1002,"21/10/2022 12:29:59",201,200,,
1003,"21/10/2022 12:30:08",201,200,,
1004,"21/10/2022 12:30:19",201,200,,
1005,"21/10/2022 12:30:28",201,200,,
1006,"21/10/2022 12:30:38",201,200,,
1007,"21/10/2022 12:30:47",201,200,,
1008,"21/10/2022 12:30:54",201,200,,
1009,"21/10/2022 12:31:02",201,200,,
1010,"21/10/2022 12:31:17",201,200,,
1011,"21/10/2022 12:31:24",201,200,,
1012,"21/10/2022 12:31:36",201,200,,
1013,"21/10/2022 12:31:42",201,200,,
1014,"21/10/2022 12:31:52",201,200,,
1015,"21/10/2022 12:32:13",201,200,,
1016,"21/10/2022 12:32:25",201,200,,
1017,"21/10/2022 12:32:40",201,200,,
1018,"21/10/2022 12:32:49",201,200,,
1019,"21/10/2022 12:33:01",201,200,,
1020,"21/10/2022 12:33:09",201,200,,
1022,"21/10/2022 12:33:19",201,200,,
1023,"21/10/2022 12:33:31",201,200,,
1024,"21/10/2022 12:33:39",201,200,,
1025,"21/10/2022 12:33:50",201,200,,
1026,"21/10/2022 12:34:04",201,200,,
1027,"21/10/2022 12:34:32",201,200,,
1028,"21/10/2022 12:34:38",201,200,,
1029,"21/10/2022 12:34:44",201,200,,
1030,"21/10/2022 12:34:51",201,200,,
1031,"21/10/2022 12:35:13",201,200,,
1032,"21/10/2022 12:35:29",201,200,,
1033,"21/10/2022 12:35:37",201,200,,
1034,"21/10/2022 12:35:44",201,200,,
1035,"21/10/2022 12:35:55",201,200,,
1036,"21/10/2022 12:36:06",201,200,,
1037,"21/10/2022 12:36:20",201,200,,
1038,"21/10/2022 12:36:29",201,200,,
1039,"21/10/2022 12:36:45",201,200,,
1040,"21/10/2022 12:36:55",201,200,,
1041,"21/10/2022 12:37:08",201,200,,
1042,"21/10/2022 12:37:17",201,200,,
1043,"21/10/2022 12:37:28",201,200,,
1044,"21/10/2022 12:37:39",201,200,,
1045,"21/10/2022 12:37:52",201,200,,
1046,"21/10/2022 12:38:04",201,200,,
1048,"21/10/2022 12:38:11",201,200,,
1053,"21/10/2022 12:39:09",201,200,,
1054,"21/10/2022 12:39:15",201,200,,
1055,"21/10/2022 12:39:21",201,200,,
1056,"21/10/2022 12:39:35",201,200,,
1057,"21/10/2022 12:39:45",201,200,,
1058,"21/10/2022 12:39:53",201,200,,
1059,"21/10/2022 12:40:02",201,200,,
1060,"21/10/2022 12:40:12",201,200,,
1061,"21/10/2022 12:40:22",201,200,,
1062,"21/10/2022 12:40:33",201,200,,
1063,"21/10/2022 12:40:46",201,200,,
1064,"21/10/2022 12:40:57",201,200,,
1065,"21/10/2022 12:41:08",201,200,,
1066,"21/10/2022 12:41:22",201,200,,
1067,"21/10/2022 12:41:40",201,200,,
1068,"21/10/2022 12:41:53",201,200,,
1069,"21/10/2022 12:42:14",201,200,,
1070,"21/10/2022 12:42:24",201,200,,
1071,"21/10/2022 12:42:36",201,200,,
1072,"21/10/2022 12:42:55",201,200,,
1073,"21/10/2022 12:43:04",201,200,,
1074,"21/10/2022 12:43:14",201,200,,
1075,"21/10/2022 12:43:24",201,200,,
1076,"21/10/2022 12:43:35",201,200,,
1077,"21/10/2022 12:43:42",201,200,,
1078,"21/10/2022 12:44:11",201,200,,
1079,"21/10/2022 12:44:18",201,200,,
1080,"21/10/2022 12:44:25",201,200,,
1081,"21/10/2022 12:44:36",201,200,,
1082,"21/10/2022 12:44:43",201,200,,
1083,"21/10/2022 12:44:50",201,200,,
1084,"21/10/2022 12:44:58",201,200,,
1085,"21/10/2022 12:45:07",201,200,,
1086,"21/10/2022 12:45:13",201,200,,
1087,"21/10/2022 12:45:22",201,200,,
1088,"21/10/2022 12:45:27",201,200,,
1089,"21/10/2022 12:45:34",201,200,,
1090,"21/10/2022 12:45:44",201,200,,
1091,"21/10/2022 12:45:52",201,200,,
1092,"21/10/2022 12:46:02",201,200,,
1093,"21/10/2022 12:46:09",201,200,,
1094,"21/10/2022 12:46:18",201,200,,
1095,"21/10/2022 12:46:25",201,200,,
1096,"21/10/2022 12:46:33",201,200,,
1097,"21/10/2022 12:46:44",201,200,,
1098,"21/10/2022 12:46:51",201,200,,
1099,"21/10/2022 12:47:03",201,200,,
1100,"21/10/2022 12:47:20",201,200,,
1101,"21/10/2022 12:47:49",201,200,,
1102,"21/10/2022 12:47:59",201,200,,
1103,"21/10/2022 12:48:11",201,200,,
1104,"21/10/2022 12:48:22",201,200,,
1105,"21/10/2022 12:48:29",201,200,,
1106,"21/10/2022 12:48:39",201,200,,
1107,"21/10/2022 12:48:46",201,200,,
1108,"21/10/2022 12:48:53",201,200,,
1109,"21/10/2022 12:49:03",201,200,,
1110,"21/10/2022 12:49:14",201,200,,
1111,"21/10/2022 12:49:22",201,200,,
1112,"21/10/2022 12:49:32",201,200,,
1113,"21/10/2022 12:49:45",201,200,,
1114,"21/10/2022 12:49:55",201,200,,
1115,"21/10/2022 12:50:02",201,200,,
1116,"21/10/2022 12:50:12",201,200,,
1117,"21/10/2022 12:50:31",201,200,,
1118,"21/10/2022 12:50:40",201,200,,
1119,"21/10/2022 12:50:46",201,200,,
1120,"21/10/2022 12:50:57",201,200,,
1122,"21/10/2022 12:51:08",201,200,,
1123,"21/10/2022 12:51:18",201,200,,
1124,"21/10/2022 12:51:23",201,200,,
1125,"21/10/2022 12:51:34",201,200,,
1126,"21/10/2022 12:51:40",201,200,,
1127,"21/10/2022 12:51:45",201,200,,
1128,"21/10/2022 12:51:50",201,200,,
1129,"21/10/2022 12:51:57",201,200,,
1130,"21/10/2022 12:52:02",201,200,,
1131,"21/10/2022 12:52:23",201,200,,
1132,"21/10/2022 12:52:28",201,200,,
1133,"21/10/2022 12:52:35",201,200,,
1134,"21/10/2022 12:52:41",201,200,,
1135,"21/10/2022 12:52:47",201,200,,
1136,"21/10/2022 12:52:55",201,200,,
1137,"21/10/2022 12:53:08",201,200,,
1138,"21/10/2022 12:53:22",201,200,,
1139,"21/10/2022 12:53:27",201,200,,
1140,"21/10/2022 12:54:14",201,200,,
1141,"21/10/2022 12:54:30",201,200,,
1143,"21/10/2022 12:58:22",201,200,,
1144,"21/10/2022 13:06:02",201,200,,
1145,"21/10/2022 13:06:07",201,200,,
1147,"21/10/2022 13:06:13",201,200,,
1148,"21/10/2022 13:06:29",201,200,,
1150,"21/10/2022 13:06:40",201,200,,
1151,"21/10/2022 13:06:58",201,200,,
1152,"21/10/2022 13:07:10",201,200,,
1153,"21/10/2022 13:07:23",201,200,,
1154,"21/10/2022 13:07:30",201,200,,
1155,"21/10/2022 13:07:40",201,200,,
1156,"21/10/2022 13:07:49",201,200,,
1157,"21/10/2022 13:07:59",201,200,,
1158,"21/10/2022 13:08:10",201,200,,
1160,"21/10/2022 13:08:26",201,200,,
1161,"21/10/2022 13:08:33",201,200,,
1162,"21/10/2022 13:08:41",201,200,,
1163,"21/10/2022 13:08:48",201,200,,
1164,"21/10/2022 13:08:58",201,200,,
1165,"21/10/2022 13:09:06",201,200,,
1166,"21/10/2022 13:09:17",201,200,,
1167,"21/10/2022 13:09:24",201,200,,
1168,"21/10/2022 13:09:36",201,200,,
1169,"21/10/2022 13:09:44",201,200,,
1170,"21/10/2022 13:09:53",201,200,,
1171,"21/10/2022 13:10:04",201,200,,
1172,"21/10/2022 13:10:13",201,200,,
1173,"21/10/2022 13:10:21",201,200,,
1174,"21/10/2022 13:10:29",201,200,,
1175,"21/10/2022 13:10:39",201,200,,
1176,"21/10/2022 13:10:47",201,200,,
1177,"21/10/2022 13:10:54",201,200,,
1178,"21/10/2022 13:11:09",201,200,,
1179,"21/10/2022 13:11:38",201,200,,
1180,"21/10/2022 13:11:47",201,200,,
1181,"21/10/2022 13:11:55",201,200,,
1182,"21/10/2022 13:12:02",201,200,,
1183,"21/10/2022 13:12:07",201,200,,
1184,"21/10/2022 13:12:12",201,200,,
1185,"21/10/2022 13:12:19",201,200,,
1186,"21/10/2022 13:12:27",201,200,,
1187,"21/10/2022 13:12:32",201,200,,
1188,"21/10/2022 13:12:38",201,200,,
1189,"21/10/2022 13:12:44",201,200,,
1190,"21/10/2022 13:12:51",201,200,,
1191,"21/10/2022 13:12:57",201,200,,
1192,"21/10/2022 13:13:03",201,200,,
1193,"21/10/2022 13:13:08",201,200,,
1194,"21/10/2022 13:13:20",201,200,,
1195,"21/10/2022 13:13:25",201,200,,
1196,"21/10/2022 13:13:30",201,200,,
1197,"21/10/2022 13:13:38",201,200,,
1198,"21/10/2022 13:13:43",201,200,,
1199,"21/10/2022 13:13:49",201,200,,
1200,"21/10/2022 13:14:05",201,200,,
1201,"21/10/2022 13:14:10",201,200,,
1202,"21/10/2022 13:14:16",201,200,,
1203,"21/10/2022 13:14:21",201,200,,
1204,"21/10/2022 13:14:27",201,200,,
1205,"21/10/2022 13:14:32",201,200,,
1206,"21/10/2022 13:14:38",201,200,,
1207,"21/10/2022 13:14:43",201,200,,
1209,"21/10/2022 13:14:49",201,200,,
1211,"21/10/2022 13:14:55",201,200,,
1212,"21/10/2022 13:15:11",201,200,,
1213,"21/10/2022 13:15:18",201,200,,
1214,"21/10/2022 13:15:25",201,200,,
1215,"21/10/2022 13:15:31",201,200,,
1216,"21/10/2022 13:15:40",201,200,,
1217,"21/10/2022 13:15:48",201,200,,
1218,"21/10/2022 13:15:53",201,200,,
1219,"21/10/2022 13:16:01",201,200,,
1220,"21/10/2022 13:16:07",201,200,,
1221,"21/10/2022 13:16:25",201,200,,
1222,"21/10/2022 13:16:32",201,200,,
1223,"21/10/2022 13:17:20",201,200,,
1224,"21/10/2022 13:17:26",201,200,,
1225,"21/10/2022 13:17:32",201,200,,
1226,"21/10/2022 13:17:37",201,200,,
1227,"21/10/2022 13:17:45",201,200,,
1228,"21/10/2022 13:17:51",201,200,,
1229,"21/10/2022 13:17:56",201,200,,
1231,"21/10/2022 13:18:02",201,200,,
1232,"21/10/2022 13:18:13",201,200,,
1233,"21/10/2022 13:18:19",201,200,,
1234,"21/10/2022 13:18:38",201,200,,
1235,"21/10/2022 13:18:44",201,200,,
1239,"21/10/2022 13:18:57",201,200,,
1240,"21/10/2022 13:19:05",201,200,,
1241,"21/10/2022 13:19:17",201,200,,
1242,"21/10/2022 13:19:23",201,200,,
1243,"21/10/2022 13:19:31",201,200,,
1245,"21/10/2022 13:19:37",201,200,,
1246,"21/10/2022 13:19:42",201,200,,
1247,"21/10/2022 13:19:48",201,200,,
1250,"21/10/2022 13:19:53",201,200,,
1251,"21/10/2022 13:19:58",201,200,,
1254,"21/10/2022 13:20:04",201,200,,
1255,"21/10/2022 13:20:10",201,200,,
1256,"21/10/2022 13:20:15",201,200,,
1259,"21/10/2022 13:20:21",201,200,,
1263,"21/10/2022 13:20:27",201,200,,
1267,"21/10/2022 13:20:37",201,200,,
1271,"21/10/2022 13:20:42",201,200,,
1272,"21/10/2022 13:20:48",201,200,,
1277,"21/10/2022 13:20:54",201,200,,
1278,"21/10/2022 13:21:00",201,200,,
1279,"21/10/2022 13:21:10",201,200,,
1280,"21/10/2022 13:21:16",201,200,,
1282,"21/10/2022 13:21:22",201,200,,
1283,"21/10/2022 13:21:45",201,200,,
1287,"21/10/2022 13:21:50",201,200,,
1288,"21/10/2022 13:21:55",201,200,,
1289,"21/10/2022 13:22:01",201,200,,
1290,"21/10/2022 13:22:10",201,200,,
1293,"21/10/2022 13:22:15",201,200,,
1294,"21/10/2022 13:22:22",201,200,,
1295,"21/10/2022 13:22:28",201,200,,
1298,"21/10/2022 13:22:33",201,200,,
1301,"21/10/2022 13:22:39",201,200,,
1303,"21/10/2022 13:22:48",201,200,,
1307,"21/10/2022 13:22:53",201,200,,
1308,"21/10/2022 13:22:59",201,200,,
1309,"21/10/2022 13:23:09",201,200,,
1310,"21/10/2022 13:23:18",201,200,,
1311,"21/10/2022 13:23:27",201,200,,
1313,"21/10/2022 13:23:37",201,200,,
1314,"21/10/2022 13:23:49",201,200,,
1315,"21/10/2022 13:23:54",201,200,,
1318,"21/10/2022 13:24:00",201,200,,
1319,"21/10/2022 13:24:05",201,200,,
1320,"21/10/2022 13:24:10",201,200,,
1321,"21/10/2022 13:24:33",201,200,,
1322,"21/10/2022 13:24:46",201,200,,
1323,"21/10/2022 13:25:08",201,200,,
1324,"21/10/2022 13:25:15",201,200,,
1325,"21/10/2022 13:25:40",201,200,,
1326,"21/10/2022 13:25:46",201,200,,
1327,"21/10/2022 13:26:08",201,200,,
1328,"21/10/2022 13:26:14",201,200,,
1329,"21/10/2022 13:26:19",201,200,,
1330,"21/10/2022 13:26:25",201,200,,
1331,"21/10/2022 13:26:35",201,200,,
1332,"21/10/2022 13:26:40",201,200,,
1333,"21/10/2022 13:26:46",201,200,,
1334,"21/10/2022 13:26:52",201,200,,
1335,"21/10/2022 13:26:57",201,200,,
1336,"21/10/2022 13:27:07",201,200,,
1337,"21/10/2022 13:27:14",201,200,,
1338,"21/10/2022 13:27:19",201,200,,
1339,"21/10/2022 13:27:27",201,200,,
1340,"21/10/2022 13:27:35",201,200,,
1341,"21/10/2022 13:27:44",201,200,,
1342,"21/10/2022 13:27:51",201,200,,
1343,"21/10/2022 13:27:57",201,200,,
1344,"21/10/2022 13:28:04",201,200,,
1345,"21/10/2022 13:28:09",201,200,,
1346,"21/10/2022 13:28:18",201,200,,
1351,"21/10/2022 13:28:24",201,200,,
1352,"21/10/2022 13:28:39",201,200,,
1354,"21/10/2022 13:28:49",201,200,,
1355,"21/10/2022 13:28:56",201,200,,
1356,"21/10/2022 13:29:02",201,200,,
1357,"21/10/2022 13:29:08",201,200,,
1358,"21/10/2022 13:29:15",201,200,,
1359,"21/10/2022 13:29:21",201,200,,
1360,"21/10/2022 13:29:28",201,200,,
1361,"21/10/2022 13:29:34",201,200,,
1362,"21/10/2022 13:29:42",201,200,,
1363,"21/10/2022 13:29:50",201,200,,
1364,"21/10/2022 13:29:55",201,200,,
1365,"21/10/2022 13:30:01",201,200,,
1366,"21/10/2022 13:30:07",201,200,,
1367,"21/10/2022 13:30:15",201,200,,
1373,"21/10/2022 13:30:34",201,200,,
1375,"21/10/2022 13:30:47",201,200,,
1377,"21/10/2022 13:31:05",201,200,,
1378,"21/10/2022 13:31:24",201,200,,
1379,"21/10/2022 13:31:32",201,200,,
1380,"21/10/2022 13:31:37",201,200,,
1381,"21/10/2022 13:31:45",201,200,,
1382,"21/10/2022 13:32:01",201,200,,
1383,"21/10/2022 13:32:21",201,200,,
1384,"21/10/2022 13:32:28",201,200,,
1386,"21/10/2022 13:32:39",201,200,,
1387,"21/10/2022 13:32:47",201,200,,
1389,"21/10/2022 13:32:57",201,200,,
1392,"21/10/2022 13:33:07",201,200,,
1393,"21/10/2022 13:33:18",201,200,,
1394,"21/10/2022 13:33:23",201,200,,
1395,"21/10/2022 13:33:29",201,200,,
1396,"21/10/2022 13:33:40",201,200,,
1399,"21/10/2022 13:33:50",201,200,,
1401,"21/10/2022 13:33:59",201,200,,
1402,"21/10/2022 13:34:05",201,200,,
1403,"21/10/2022 13:34:15",201,200,,
1404,"21/10/2022 13:34:22",201,200,,
1405,"21/10/2022 13:34:29",201,200,,
1407,"21/10/2022 13:34:39",201,200,,
1408,"21/10/2022 13:34:44",201,200,,
1409,"21/10/2022 13:34:50",201,200,,
1410,"21/10/2022 13:34:56",201,200,,
1411,"21/10/2022 13:35:03",201,200,,
1412,"21/10/2022 13:35:23",201,200,,
1414,"21/10/2022 13:35:33",201,200,,
1415,"21/10/2022 13:35:41",201,200,,
1416,"21/10/2022 13:35:51",201,200,,
1418,"21/10/2022 13:35:59",201,200,,
1419,"21/10/2022 13:36:08",201,200,,
1420,"21/10/2022 13:36:14",201,200,,
1421,"21/10/2022 13:36:23",201,200,,
1422,"21/10/2022 13:36:36",201,200,,
1423,"21/10/2022 13:36:46",201,200,,
1424,"21/10/2022 13:36:52",201,200,,
1425,"21/10/2022 13:36:58",201,200,,
1426,"21/10/2022 13:37:04",201,200,,
1427,"21/10/2022 13:37:09",201,200,,
1430,"21/10/2022 13:37:15",201,200,,
1432,"21/10/2022 13:37:21",201,200,,
1433,"21/10/2022 13:37:26",201,200,,
1434,"21/10/2022 13:37:32",201,200,,
1435,"21/10/2022 13:37:38",201,200,,
1437,"21/10/2022 13:37:53",201,200,,
1442,"21/10/2022 13:37:59",201,200,,
1443,"21/10/2022 13:38:13",201,200,,
1444,"21/10/2022 13:38:24",201,200,,
1445,"21/10/2022 13:38:45",201,200,,
1446,"21/10/2022 13:38:52",201,200,,
1447,"21/10/2022 13:38:58",201,200,,
1448,"21/10/2022 13:39:05",201,200,,
1449,"21/10/2022 13:39:12",201,200,,
1450,"21/10/2022 13:39:31",201,200,,
1451,"21/10/2022 13:39:41",201,200,,
1454,"21/10/2022 13:39:54",201,200,,
1456,"21/10/2022 13:40:07",201,200,,
1458,"21/10/2022 13:40:23",201,200,,
1462,"21/10/2022 13:40:29",201,200,,
1463,"21/10/2022 13:40:40",201,200,,
1464,"21/10/2022 13:40:48",201,200,,
1465,"21/10/2022 13:40:56",201,200,,
1466,"21/10/2022 13:41:04",201,200,,
1467,"21/10/2022 13:41:10",201,200,,
1469,"21/10/2022 13:41:16",201,200,,
1470,"21/10/2022 13:41:24",201,200,,
1474,"21/10/2022 13:41:29",201,200,,
1477,"21/10/2022 13:41:34",201,200,,
1479,"21/10/2022 13:41:40",201,200,,
1480,"21/10/2022 13:41:45",201,200,,
1481,"21/10/2022 13:41:50",201,200,,
1483,"21/10/2022 13:41:57",201,200,,
1484,"21/10/2022 13:42:02",201,200,,
1488,"21/10/2022 13:42:11",201,200,,
1489,"21/10/2022 13:42:19",201,200,,
1490,"21/10/2022 13:42:25",201,200,,
1491,"21/10/2022 13:42:31",201,200,,
1492,"21/10/2022 13:42:37",201,200,,
961,"21/10/2022 13:54:03",201,400,,
961,"21/10/2022 14:02:16",201,200,,
764,"21/10/2022 14:02:44",201,200,400,Website/public/campaigns/capex/b468routeplan.pdf.filepart
764,"21/10/2022 14:50:04",201,200,400,Website/public/campaigns/capex/b468routeplan.pdf.filepart
764,"21/10/2022 15:38:49",201,200,400,Website/public/campaigns/capex/b468routeplan.pdf.filepart
764,"21/10/2022 15:38:49",201,200,400,Website/public/campaigns/capex/b468routeplan.pdf.filepart
130,"24/10/2022 09:11:05",201,200,,
90,"24/10/2022 09:14:08",201,200,,
58,"24/10/2022 09:21:58",201,200,,
200,"24/10/2022 09:24:35",201,200,,
1240,"24/10/2022 11:27:45",201,200,,
8,"25/10/2022 16:21:18",201,200,,
8,"25/10/2022 16:21:44",201,200,,
